# Per-frame placement shift, EPSG:3005 metres east/north, applied after georeferencing, #23; imported from stac_orthophoto_bc@d5887d7 data/georef_validate by data-raw/tables_import-georef_validate.R
"airp_id","placement_source","shift_x_m_3005","shift_y_m_3005"
"26234","none",0,0
"26235","none",0,0
"26236","none",0,0
"26237","none",0,0
"26238","none",0,0
"26239","none",0,0
"26240","none",0,0
"26241","none",0,0
"26242","none",0,0
"26243","none",0,0
"26244","none",0,0
"26245","none",0,0
"26246","none",0,0
"26247","none",0,0
"26248","none",0,0
"26249","none",0,0
"26250","none",0,0
"26251","none",0,0
"26252","none",0,0
"26253","none",0,0
"26254","none",0,0
"26255","none",0,0
"26256","none",0,0
"26257","none",0,0
"26258","none",0,0
"26259","none",0,0
"26260","none",0,0
"26261","none",0,0
"26262","none",0,0
"26263","none",0,0
"26264","none",0,0
"26265","none",0,0
"26266","none",0,0
"26267","none",0,0
"26268","none",0,0
"26269","none",0,0
"26270","none",0,0
"26271","none",0,0
"26272","none",0,0
"26273","none",0,0
"26274","none",0,0
"26275","none",0,0
"26276","none",0,0
"26277","none",0,0
"26278","none",0,0
"26279","none",0,0
"26280","none",0,0
"26281","none",0,0
"26296","none",0,0
"26297","none",0,0
"26298","none",0,0
"26299","none",0,0
"26300","none",0,0
"26301","none",0,0
"26302","none",0,0
"26303","none",0,0
"26304","none",0,0
"26305","none",0,0
"26306","none",0,0
"26307","none",0,0
"26308","none",0,0
"26309","none",0,0
"26310","none",0,0
"26311","none",0,0
"26312","none",0,0
"26313","none",0,0
"26314","none",0,0
"26315","none",0,0
"26316","none",0,0
"26317","none",0,0
"26318","none",0,0
"26319","none",0,0
"26320","none",0,0
"26321","none",0,0
"26322","none",0,0
"26323","none",0,0
"26324","none",0,0
"26325","none",0,0
"26326","none",0,0
"26327","none",0,0
"26328","none",0,0
"26329","none",0,0
"26330","none",0,0
"26331","none",0,0
"26332","none",0,0
"26333","none",0,0
"26334","none",0,0
"26335","none",0,0
"26336","none",0,0
"26337","none",0,0
"26338","none",0,0
"26339","none",0,0
"26340","none",0,0
"26341","none",0,0
"26342","none",0,0
"26343","none",0,0
"26344","none",0,0
"26384","none",0,0
"26385","none",0,0
"26386","none",0,0
"26387","none",0,0
"26388","none",0,0
"26389","none",0,0
"26390","none",0,0
"26391","none",0,0
"26392","none",0,0
"26393","none",0,0
"26394","none",0,0
"26395","none",0,0
"26396","none",0,0
"26397","none",0,0
"26398","none",0,0
"26399","none",0,0
"26400","none",0,0
"26401","none",0,0
"26402","none",0,0
"26403","none",0,0
"26404","none",0,0
"26405","none",0,0
"26406","none",0,0
"26407","none",0,0
"26408","none",0,0
"26409","none",0,0
"131714","none",0,0
"131715","none",0,0
"131716","none",0,0
"131717","none",0,0
"131718","none",0,0
"131719","none",0,0
"131720","none",0,0
"131721","none",0,0
"131722","none",0,0
"131723","none",0,0
"131724","none",0,0
"131725","none",0,0
"131726","none",0,0
"131727","none",0,0
"131780","none",0,0
"131781","none",0,0
"131782","none",0,0
"131783","none",0,0
"131784","none",0,0
"131785","none",0,0
"131786","none",0,0
"131787","none",0,0
"131788","none",0,0
"131789","none",0,0
"131790","none",0,0
"131791","none",0,0
"131792","none",0,0
"131793","none",0,0
"131794","none",0,0
"131795","none",0,0
"136888","none",0,0
"136889","none",0,0
"136890","none",0,0
"136891","none",0,0
"136892","none",0,0
"136893","none",0,0
"136894","none",0,0
"136895","none",0,0
"136896","none",0,0
"136897","none",0,0
"136898","none",0,0
"136899","none",0,0
"136900","none",0,0
"136901","none",0,0
"136902","none",0,0
"136903","none",0,0
"137090","none",0,0
"137091","none",0,0
"137092","none",0,0
"137093","none",0,0
"137094","none",0,0
"137095","none",0,0
"137096","none",0,0
"137097","none",0,0
"137098","none",0,0
"137099","none",0,0
"137100","none",0,0
"137101","none",0,0
"137102","none",0,0
"137103","none",0,0
"137104","none",0,0
"137105","none",0,0
"137151","none",0,0
"137152","none",0,0
"137153","none",0,0
"137154","none",0,0
"137155","none",0,0
"137156","none",0,0
"152488","none",0,0
"152489","none",0,0
"152490","none",0,0
"152491","none",0,0
"152492","none",0,0
"152493","none",0,0
"152494","none",0,0
"152495","none",0,0
"152496","none",0,0
"152497","none",0,0
"152498","none",0,0
"152499","none",0,0
"152500","none",0,0
"152501","none",0,0
"152502","none",0,0
"152503","none",0,0
"152504","none",0,0
"152505","none",0,0
"152506","none",0,0
"152507","none",0,0
"152508","none",0,0
"152509","none",0,0
"152569","none",0,0
"152570","none",0,0
"152571","none",0,0
"152572","none",0,0
"152573","none",0,0
"152574","none",0,0
"152575","none",0,0
"152576","none",0,0
"152577","none",0,0
"152578","none",0,0
"152579","none",0,0
"152580","none",0,0
"152581","none",0,0
"152582","none",0,0
"152583","none",0,0
"152584","none",0,0
"152585","none",0,0
"152586","none",0,0
"152587","none",0,0
"193986","none",0,0
"193987","none",0,0
"193988","none",0,0
"193989","none",0,0
"193990","none",0,0
"193991","none",0,0
"193992","none",0,0
"193993","none",0,0
"193994","none",0,0
"193995","none",0,0
"193996","none",0,0
"193997","none",0,0
"193998","none",0,0
"193999","none",0,0
"194000","none",0,0
"194001","none",0,0
"194002","none",0,0
"194003","none",0,0
"194004","none",0,0
"194005","none",0,0
"194006","none",0,0
"194007","none",0,0
"194008","none",0,0
"194009","none",0,0
"194010","none",0,0
"194011","none",0,0
"194012","none",0,0
"194013","none",0,0
"194014","none",0,0
"194015","none",0,0
"194016","none",0,0
"194017","none",0,0
"194018","none",0,0
"194019","none",0,0
"194094","none",0,0
"194095","none",0,0
"194096","none",0,0
"194097","none",0,0
"194098","none",0,0
"194099","none",0,0
"194100","none",0,0
"194101","none",0,0
"194102","none",0,0
"194103","none",0,0
"194104","none",0,0
"194105","none",0,0
"194106","none",0,0
"194107","none",0,0
"194108","none",0,0
"194109","none",0,0
"194110","none",0,0
"194111","none",0,0
"194112","none",0,0
"194113","none",0,0
"194114","none",0,0
"194115","none",0,0
"194116","none",0,0
"194117","none",0,0
"194118","none",0,0
"194119","none",0,0
"194120","none",0,0
"194121","none",0,0
"194122","none",0,0
"194123","none",0,0
"194124","none",0,0
"194125","none",0,0
"194126","none",0,0
"194127","none",0,0
"194128","none",0,0
"194129","none",0,0
"194130","none",0,0
"194131","none",0,0
"194132","none",0,0
"194133","none",0,0
"194134","none",0,0
"194135","none",0,0
"194136","none",0,0
"194137","none",0,0
"194138","none",0,0
"194139","none",0,0
"194140","none",0,0
"194141","none",0,0
"194142","none",0,0
"194143","none",0,0
"194144","none",0,0
"194145","none",0,0
"194146","none",0,0
"194147","none",0,0
"194148","none",0,0
"194149","none",0,0
"194150","none",0,0
"194151","none",0,0
"232851","none",0,0
"232852","none",0,0
"232853","none",0,0
"232854","none",0,0
"232855","none",0,0
"232856","none",0,0
"232857","none",0,0
"232858","none",0,0
"232859","none",0,0
"232860","none",0,0
"232861","none",0,0
"232862","none",0,0
"232863","none",0,0
"232864","none",0,0
"232865","none",0,0
"232866","none",0,0
"232867","none",0,0
"232868","none",0,0
"232869","none",0,0
"232870","none",0,0
"232871","none",0,0
"232872","none",0,0
"232873","none",0,0
"232874","none",0,0
"232875","none",0,0
"232876","none",0,0
"232877","none",0,0
"232878","none",0,0
"232938","none",0,0
"232939","none",0,0
"232940","none",0,0
"232941","none",0,0
"232942","none",0,0
"232943","none",0,0
"232944","none",0,0
"232945","none",0,0
"232946","none",0,0
"232947","none",0,0
"232948","none",0,0
"232949","none",0,0
"232950","none",0,0
"232951","none",0,0
"232952","none",0,0
"232953","none",0,0
"232954","none",0,0
"232955","none",0,0
"232956","none",0,0
"232957","none",0,0
"232958","none",0,0
"232959","none",0,0
"232960","none",0,0
"232961","none",0,0
"232962","none",0,0
"232963","none",0,0
"232964","none",0,0
"232965","none",0,0
"232966","none",0,0
"232967","none",0,0
"232968","none",0,0
"232969","none",0,0
"232970","none",0,0
"232971","none",0,0
"232972","none",0,0
"232973","none",0,0
"232974","none",0,0
"232975","none",0,0
"232976","none",0,0
"232977","none",0,0
"232978","none",0,0
"232979","none",0,0
"232980","none",0,0
"232981","none",0,0
"232982","none",0,0
"232983","none",0,0
"232984","none",0,0
"232985","none",0,0
"232986","none",0,0
"232987","none",0,0
"232988","none",0,0
"232989","none",0,0
"232990","none",0,0
"232991","none",0,0
"233052","none",0,0
"233053","none",0,0
"233054","none",0,0
"233055","none",0,0
"233056","none",0,0
"233057","none",0,0
"233058","none",0,0
"233059","none",0,0
"233060","none",0,0
"233061","none",0,0
"233062","none",0,0
"233063","none",0,0
"233064","none",0,0
"233065","none",0,0
"233066","none",0,0
"233067","none",0,0
"233068","none",0,0
"233069","none",0,0
"233070","correlator",-60,0
"233071","correlator",-110,-20
"233072","correlator",-80,10
"233073","correlator",-100,0
"233074","correlator",-110,20
"233075","none",0,0
"233076","none",0,0
"233077","none",0,0
"233078","none",0,0
"233079","none",0,0
"233080","none",0,0
"233081","none",0,0
"233082","none",0,0
"233083","none",0,0
"233084","none",0,0
"233085","none",0,0
"233086","none",0,0
"233087","none",0,0
"233088","correlator",-220,-20
"233089","none",0,0
"233090","none",0,0
"233091","none",0,0
"233092","none",0,0
"233093","none",0,0
"233094","none",0,0
"233095","none",0,0
"233096","none",0,0
"233097","none",0,0
"233098","none",0,0
"233099","none",0,0
"233100","none",0,0
"233101","none",0,0
"233102","none",0,0
"233103","none",0,0
"233104","none",0,0
"233105","none",0,0
"233106","none",0,0
"233107","none",0,0
"233108","none",0,0
"233109","none",0,0
"233110","none",0,0
"233111","none",0,0
"233112","none",0,0
"233113","none",0,0
"233114","none",0,0
"233115","none",0,0
"233116","none",0,0
"233117","none",0,0
"233118","none",0,0
"233119","none",0,0
"233120","none",0,0
"233121","none",0,0
"233122","none",0,0
"233123","none",0,0
"233124","none",0,0
"233125","none",0,0
"233126","none",0,0
"233127","none",0,0
"233128","none",0,0
"233129","none",0,0
"233130","none",0,0
"233131","none",0,0
"233132","none",0,0
"233133","none",0,0
"233134","none",0,0
"233135","none",0,0
"233136","none",0,0
"233137","none",0,0
"233138","none",0,0
"233139","none",0,0
"233140","none",0,0
"233141","none",0,0
"233142","none",0,0
"233143","none",0,0
"233144","none",0,0
"233145","none",0,0
"233146","none",0,0
"233147","none",0,0
"233148","none",0,0
"233149","none",0,0
"233150","none",0,0
"233151","none",0,0
"233152","none",0,0
"233153","none",0,0
"233154","none",0,0
"233155","none",0,0
"233156","none",0,0
"233157","none",0,0
"233158","none",0,0
"233159","none",0,0
"233160","none",0,0
"233161","none",0,0
"233162","none",0,0
"233163","none",0,0
"233164","none",0,0
"233165","none",0,0
"233166","none",0,0
"233167","none",0,0
"233168","none",0,0
"233169","none",0,0
"233170","none",0,0
"233171","none",0,0
"233172","none",0,0
"233173","none",0,0
"233174","none",0,0
"233175","none",0,0
"233176","none",0,0
"233177","none",0,0
"233178","none",0,0
"233179","none",0,0
"233180","none",0,0
"233181","none",0,0
"233182","none",0,0
"233183","none",0,0
"233184","none",0,0
"233185","none",0,0
"233186","none",0,0
"233187","none",0,0
"233188","none",0,0
"233189","correlator",-90,-10
"233190","none",0,0
"233191","none",0,0
"233192","none",0,0
"233193","none",0,0
"233194","none",0,0
"233195","none",0,0
"233196","none",0,0
"233197","none",0,0
"233198","none",0,0
"233199","none",0,0
"233200","none",0,0
"233201","none",0,0
"233202","none",0,0
"233203","none",0,0
"233204","none",0,0
"233205","none",0,0
"233206","none",0,0
"233207","none",0,0
"233208","none",0,0
"233209","none",0,0
"233210","none",0,0
"233211","none",0,0
"233212","none",0,0
"233213","none",0,0
"233214","none",0,0
"233215","none",0,0
"233216","none",0,0
"233217","none",0,0
"233218","none",0,0
"233219","none",0,0
"233220","none",0,0
"233221","none",0,0
"233222","none",0,0
"233223","none",0,0
"233224","none",0,0
"233225","none",0,0
"233226","none",0,0
"233227","none",0,0
"233228","none",0,0
"233229","none",0,0
"233230","none",0,0
"233231","none",0,0
"233232","none",0,0
"233233","none",0,0
"233234","none",0,0
"233235","none",0,0
"233236","none",0,0
"233237","none",0,0
"233238","none",0,0
"233239","none",0,0
"233240","none",0,0
"233241","none",0,0
"233242","none",0,0
"233243","none",0,0
"233244","none",0,0
"233245","none",0,0
"233246","none",0,0
"233247","none",0,0
"233248","none",0,0
"233249","none",0,0
"233250","none",0,0
"233251","none",0,0
"233252","none",0,0
"233253","none",0,0
"233254","none",0,0
"233255","none",0,0
"233256","none",0,0
"233257","none",0,0
"233258","none",0,0
"233259","none",0,0
"233260","none",0,0
"233261","none",0,0
"233262","none",0,0
"233263","none",0,0
"233264","none",0,0
"233265","none",0,0
"233266","none",0,0
"233267","none",0,0
"233268","none",0,0
"233269","none",0,0
"233270","none",0,0
"233271","none",0,0
"233272","none",0,0
"233273","none",0,0
"233274","none",0,0
"233275","none",0,0
"233276","none",0,0
"233277","none",0,0
"233278","none",0,0
"233279","none",0,0
"233280","none",0,0
"233281","none",0,0
"233282","none",0,0
"233283","none",0,0
"233284","none",0,0
"233285","none",0,0
"233286","none",0,0
"233287","none",0,0
"233288","none",0,0
"233289","none",0,0
"233290","none",0,0
"233291","none",0,0
"233292","none",0,0
"233293","none",0,0
"233294","none",0,0
"233295","none",0,0
"233296","none",0,0
"233297","none",0,0
"233298","none",0,0
"233299","none",0,0
"233300","none",0,0
"233301","none",0,0
"233302","none",0,0
"233303","none",0,0
"233304","none",0,0
"233305","none",0,0
"233306","none",0,0
"233307","none",0,0
"233308","none",0,0
"233309","correlator",-80,-50
"233310","correlator",-70,-40
"233311","correlator",-60,-50
"233312","correlator",-60,-40
"233313","none",0,0
"233314","none",0,0
"233315","none",0,0
"233316","none",0,0
"233317","none",0,0
"233318","none",0,0
"233319","none",0,0
"233320","none",0,0
"233321","none",0,0
"233322","none",0,0
"233323","none",0,0
"233324","none",0,0
"233325","none",0,0
"233326","none",0,0
"233327","none",0,0
"233328","none",0,0
"233329","none",0,0
"233330","none",0,0
"233616","correlator",-130,20
"233617","correlator",-150,30
"233618","correlator",-150,50
"233619","none",0,0
"233620","none",0,0
"233621","none",0,0
"233622","none",0,0
"233623","none",0,0
"233624","none",0,0
"233625","none",0,0
"233626","none",0,0
"233627","none",0,0
"233628","none",0,0
"233629","none",0,0
"233630","none",0,0
"233631","none",0,0
"233632","none",0,0
"233633","none",0,0
"233634","none",0,0
"233635","none",0,0
"233636","none",0,0
"233637","none",0,0
"233638","none",0,0
"233639","none",0,0
"233640","none",0,0
"233641","none",0,0
"233642","none",0,0
"233643","none",0,0
"233644","none",0,0
"233645","none",0,0
"233646","none",0,0
"233647","none",0,0
"233648","none",0,0
"233649","none",0,0
"233650","none",0,0
"233651","none",0,0
"233652","none",0,0
"233653","none",0,0
"233654","none",0,0
"233655","none",0,0
"233656","none",0,0
"233657","none",0,0
"233658","none",0,0
"233659","none",0,0
"233660","none",0,0
"233661","none",0,0
"233662","none",0,0
"233663","none",0,0
"233664","none",0,0
"233665","none",0,0
"233666","none",0,0
"233667","none",0,0
"233668","none",0,0
"233669","none",0,0
"233670","none",0,0
"233671","none",0,0
"233672","none",0,0
"233673","none",0,0
"233674","none",0,0
"233675","none",0,0
"233676","none",0,0
"233677","none",0,0
"233678","none",0,0
"233679","none",0,0
"233680","none",0,0
"233681","none",0,0
"233682","none",0,0
"233683","none",0,0
"233684","none",0,0
"233685","none",0,0
"233686","none",0,0
"233687","none",0,0
"233688","none",0,0
"233689","none",0,0
"233690","none",0,0
"233691","none",0,0
"233692","none",0,0
"233693","none",0,0
"233694","none",0,0
"233695","none",0,0
"233696","none",0,0
"233697","none",0,0
"233698","none",0,0
"233699","none",0,0
"233700","none",0,0
"233701","none",0,0
"233702","none",0,0
"233703","none",0,0
"233704","none",0,0
"233705","none",0,0
"233706","none",0,0
"233707","none",0,0
"233708","none",0,0
"233709","none",0,0
"233710","none",0,0
"233711","none",0,0
"233712","none",0,0
"233713","none",0,0
"233714","none",0,0
"233715","none",0,0
"233716","none",0,0
"233717","none",0,0
"233718","none",0,0
"233719","none",0,0
"233720","none",0,0
"233721","none",0,0
"233722","none",0,0
"233723","none",0,0
"233724","none",0,0
"233725","none",0,0
"233726","none",0,0
"233727","none",0,0
"233728","none",0,0
"233729","none",0,0
"233730","none",0,0
"233731","none",0,0
"233732","none",0,0
"233733","none",0,0
"233775","none",0,0
"233776","none",0,0
"233777","none",0,0
"233778","none",0,0
"233779","none",0,0
"233780","none",0,0
"233781","none",0,0
"233782","none",0,0
"233783","none",0,0
"233784","none",0,0
"233785","none",0,0
"233786","none",0,0
"233787","none",0,0
"233788","none",0,0
"233789","none",0,0
"233790","none",0,0
"233791","none",0,0
"233792","none",0,0
"233793","none",0,0
"233794","none",0,0
"233795","none",0,0
"233796","none",0,0
"233797","none",0,0
"233798","none",0,0
"233799","none",0,0
"233800","none",0,0
"233801","none",0,0
"233802","none",0,0
"233803","none",0,0
"233804","none",0,0
"233805","none",0,0
"233806","none",0,0
"233807","none",0,0
"233808","none",0,0
"233809","none",0,0
"233810","none",0,0
"233811","none",0,0
"233812","none",0,0
"233813","none",0,0
"233814","none",0,0
"233815","none",0,0
"233816","none",0,0
"233817","none",0,0
"233818","none",0,0
"233877","none",0,0
"233878","none",0,0
"233879","none",0,0
"233880","none",0,0
"233881","none",0,0
"233882","none",0,0
"233883","none",0,0
"233884","none",0,0
"233885","none",0,0
"233886","none",0,0
"233887","none",0,0
"233888","none",0,0
"233889","none",0,0
"233890","none",0,0
"233891","none",0,0
"233892","none",0,0
"233893","none",0,0
"233894","none",0,0
"233895","none",0,0
"233896","none",0,0
"233897","none",0,0
"233898","none",0,0
"233899","none",0,0
"233900","none",0,0
"233901","none",0,0
"233902","none",0,0
"233903","none",0,0
"233904","none",0,0
"233905","none",0,0
"233906","none",0,0
"233907","none",0,0
"233908","none",0,0
"233909","none",0,0
"233910","none",0,0
"233911","none",0,0
"233912","none",0,0
"233913","none",0,0
"233914","none",0,0
"233915","none",0,0
"233916","none",0,0
"233917","none",0,0
"233918","none",0,0
"233919","none",0,0
"233920","none",0,0
"233921","none",0,0
"233922","none",0,0
"233923","none",0,0
"233924","none",0,0
"233925","none",0,0
"233926","none",0,0
"233927","none",0,0
"233928","none",0,0
"233929","none",0,0
"233930","none",0,0
"233931","none",0,0
"233932","none",0,0
"233933","none",0,0
"233934","none",0,0
"233935","none",0,0
"233936","none",0,0
"233937","none",0,0
"233938","none",0,0
"233939","none",0,0
"233940","none",0,0
"233941","none",0,0
"233942","none",0,0
"233943","none",0,0
"233944","none",0,0
"233945","none",0,0
"233946","none",0,0
"233947","none",0,0
"233948","none",0,0
"233949","none",0,0
"233950","none",0,0
"233951","none",0,0
"233952","none",0,0
"233953","none",0,0
"233954","none",0,0
"233955","none",0,0
"233956","none",0,0
"233957","none",0,0
"233958","none",0,0
"233959","none",0,0
"233960","none",0,0
"233961","none",0,0
"233962","none",0,0
"233963","none",0,0
"233964","none",0,0
"233965","none",0,0
"233966","none",0,0
"233967","none",0,0
"233968","none",0,0
"233969","none",0,0
"233970","none",0,0
"233971","none",0,0
"233972","none",0,0
"233973","none",0,0
"233974","none",0,0
"233975","none",0,0
"233976","none",0,0
"233977","none",0,0
"233978","none",0,0
"233979","none",0,0
"233980","none",0,0
"233981","none",0,0
"233982","none",0,0
"233983","none",0,0
"233984","none",0,0
"233985","none",0,0
"233986","none",0,0
"233987","none",0,0
"233988","none",0,0
"233989","none",0,0
"233990","none",0,0
"233991","none",0,0
"233992","none",0,0
"233993","none",0,0
"233994","none",0,0
"233995","none",0,0
"233996","none",0,0
"233997","none",0,0
"233998","none",0,0
"233999","none",0,0
"234000","none",0,0
"234001","none",0,0
"234002","none",0,0
"234003","none",0,0
"234004","none",0,0
"234005","none",0,0
"234006","none",0,0
"234007","none",0,0
"234008","none",0,0
"234009","none",0,0
"234010","none",0,0
"234011","none",0,0
"234012","none",0,0
"234013","none",0,0
"234014","none",0,0
"234015","none",0,0
"234016","none",0,0
"234017","none",0,0
"234018","none",0,0
"234019","none",0,0
"234020","none",0,0
"234021","none",0,0
"234022","none",0,0
"234023","none",0,0
"234024","none",0,0
"234025","none",0,0
"234026","none",0,0
"234027","none",0,0
"234028","none",0,0
"234029","none",0,0
"234030","none",0,0
"234031","none",0,0
"234032","none",0,0
"234033","none",0,0
"234034","none",0,0
"234035","none",0,0
"234036","none",0,0
"234037","none",0,0
"234038","none",0,0
"234039","none",0,0
"234040","none",0,0
"234041","none",0,0
"234042","none",0,0
"234043","none",0,0
"234044","none",0,0
"234045","none",0,0
"234046","none",0,0
"234047","none",0,0
"234048","none",0,0
"234049","none",0,0
"234050","none",0,0
"234051","correlator",-70,30
"234052","none",0,0
"234053","none",0,0
"234054","none",0,0
"234055","none",0,0
"234056","none",0,0
"234057","none",0,0
"234058","none",0,0
"234059","none",0,0
"234060","none",0,0
"234061","none",0,0
"234062","none",0,0
"234063","none",0,0
"234064","none",0,0
"234065","none",0,0
"234066","correlator",10,0
"234067","correlator",0,0
"234068","correlator",-50,-30
"234069","none",0,0
"234070","none",0,0
"234071","none",0,0
"234072","none",0,0
"234073","none",0,0
"234074","none",0,0
"234075","none",0,0
"234076","none",0,0
"234077","none",0,0
"234078","none",0,0
"234079","none",0,0
"234080","none",0,0
"234081","none",0,0
"234082","none",0,0
"234083","none",0,0
"234084","none",0,0
"234085","none",0,0
"234086","none",0,0
"234087","none",0,0
"234088","none",0,0
"234089","none",0,0
"234090","none",0,0
"234091","none",0,0
"234092","none",0,0
"234093","none",0,0
"234094","none",0,0
"234095","none",0,0
"234096","none",0,0
"234097","none",0,0
"234098","none",0,0
"234099","none",0,0
"234100","none",0,0
"234101","none",0,0
"234102","none",0,0
"234103","none",0,0
"234104","none",0,0
"234105","none",0,0
"234106","none",0,0
"234107","none",0,0
"234108","none",0,0
"234109","none",0,0
"234110","none",0,0
"234111","none",0,0
"234112","none",0,0
"234113","none",0,0
"234114","none",0,0
"234115","none",0,0
"234116","none",0,0
"234117","none",0,0
"234118","none",0,0
"234119","none",0,0
"234120","none",0,0
"234121","none",0,0
"234122","none",0,0
"234123","none",0,0
"234124","none",0,0
"234125","none",0,0
"234126","none",0,0
"234127","none",0,0
"234128","none",0,0
"234129","none",0,0
"234130","none",0,0
"234131","none",0,0
"234132","none",0,0
"234133","none",0,0
"234134","none",0,0
"234135","none",0,0
"234136","none",0,0
"234137","none",0,0
"234138","none",0,0
"234139","none",0,0
"234140","none",0,0
"234141","none",0,0
"234142","none",0,0
"234143","none",0,0
"234144","none",0,0
"234145","none",0,0
"234146","none",0,0
"234147","none",0,0
"234148","none",0,0
"234149","none",0,0
"234150","none",0,0
"234151","none",0,0
"234152","none",0,0
"234153","none",0,0
"234154","none",0,0
"234155","none",0,0
"234156","none",0,0
"234157","none",0,0
"234158","none",0,0
"234159","none",0,0
"234160","none",0,0
"234161","none",0,0
"234162","none",0,0
"234163","none",0,0
"234164","none",0,0
"234165","none",0,0
"234166","none",0,0
"234167","none",0,0
"234168","none",0,0
"234169","none",0,0
"234170","none",0,0
"234171","none",0,0
"234172","none",0,0
"234173","none",0,0
"234174","none",0,0
"234175","none",0,0
"234176","none",0,0
"234177","none",0,0
"234178","none",0,0
"234179","none",0,0
"234180","none",0,0
"234181","none",0,0
"234182","none",0,0
"234183","none",0,0
"234184","none",0,0
"234185","none",0,0
"234186","none",0,0
"234187","none",0,0
"234188","none",0,0
"234189","none",0,0
"234190","none",0,0
"234191","none",0,0
"234192","none",0,0
"234193","none",0,0
"234194","none",0,0
"234195","none",0,0
"234196","none",0,0
"234197","none",0,0
"234198","none",0,0
"234199","none",0,0
"234200","none",0,0
"234201","none",0,0
"234202","none",0,0
"234203","none",0,0
"234204","none",0,0
"234205","none",0,0
"234206","none",0,0
"234207","none",0,0
"234208","none",0,0
"234209","none",0,0
"234210","none",0,0
"234211","none",0,0
"234212","none",0,0
"234213","none",0,0
"234214","none",0,0
"234215","none",0,0
"234216","none",0,0
"234217","none",0,0
"234218","none",0,0
"234219","none",0,0
"234220","none",0,0
"234221","none",0,0
"234222","none",0,0
"234223","none",0,0
"234224","none",0,0
"234225","none",0,0
"234226","none",0,0
"234227","none",0,0
"234228","none",0,0
"234229","none",0,0
"234230","none",0,0
"234231","none",0,0
"234232","none",0,0
"234233","none",0,0
"234234","none",0,0
"234235","none",0,0
"234236","none",0,0
"234237","none",0,0
"234238","none",0,0
"234239","none",0,0
"234240","none",0,0
"234241","none",0,0
"234242","none",0,0
"234243","none",0,0
"234244","none",0,0
"234245","none",0,0
"234246","none",0,0
"234247","none",0,0
"234248","none",0,0
"234249","none",0,0
"234250","none",0,0
"234251","none",0,0
"234252","none",0,0
"234253","none",0,0
"234254","none",0,0
"234255","none",0,0
"234256","none",0,0
"234257","none",0,0
"234258","none",0,0
"234259","none",0,0
"234260","none",0,0
"234261","none",0,0
"234262","none",0,0
"234263","none",0,0
"234264","none",0,0
"234265","none",0,0
"234266","none",0,0
"234267","none",0,0
"234268","none",0,0
"234269","none",0,0
"234270","none",0,0
"234271","none",0,0
"234272","none",0,0
"234273","none",0,0
"234274","none",0,0
"234275","none",0,0
"234276","none",0,0
"234277","none",0,0
"234278","none",0,0
"234279","none",0,0
"234280","none",0,0
"234281","none",0,0
"234282","none",0,0
"234283","none",0,0
"234284","none",0,0
"234285","none",0,0
"234286","none",0,0
"234287","none",0,0
"234288","none",0,0
"234289","none",0,0
"234290","none",0,0
"234291","none",0,0
"234292","none",0,0
"234293","none",0,0
"234294","none",0,0
"234295","none",0,0
"234296","none",0,0
"234297","none",0,0
"234298","none",0,0
"234299","none",0,0
"234300","none",0,0
"234301","none",0,0
"234302","none",0,0
"234303","none",0,0
"235258","none",0,0
"235259","none",0,0
"235260","none",0,0
"235261","none",0,0
"235262","none",0,0
"235263","none",0,0
"235264","none",0,0
"235265","none",0,0
"235266","none",0,0
"235267","none",0,0
"235268","none",0,0
"235269","none",0,0
"235270","none",0,0
"235271","none",0,0
"235272","none",0,0
"235273","none",0,0
"235274","none",0,0
"235275","none",0,0
"235276","none",0,0
"235277","none",0,0
"235278","none",0,0
"235279","none",0,0
"235280","none",0,0
"235281","none",0,0
"235282","none",0,0
"235283","none",0,0
"235284","none",0,0
"235285","none",0,0
"235286","none",0,0
"235287","none",0,0
"235288","none",0,0
"235289","none",0,0
"235290","none",0,0
"235291","none",0,0
"235292","none",0,0
"235293","none",0,0
"235294","none",0,0
"235295","none",0,0
"235296","none",0,0
"235297","none",0,0
"235298","none",0,0
"235299","none",0,0
"235300","none",0,0
"235301","none",0,0
"235302","none",0,0
"235303","none",0,0
"235304","none",0,0
"235305","none",0,0
"235306","none",0,0
"235307","none",0,0
"235308","none",0,0
"235309","none",0,0
"235310","none",0,0
"235311","none",0,0
"235312","none",0,0
"235313","none",0,0
"235314","none",0,0
"235315","none",0,0
"235316","none",0,0
"235317","none",0,0
"235318","none",0,0
"235319","none",0,0
"235320","none",0,0
"235321","none",0,0
"235322","none",0,0
"235323","none",0,0
"235324","none",0,0
"235325","none",0,0
"235326","none",0,0
"235327","none",0,0
"235328","none",0,0
"235329","none",0,0
"235330","none",0,0
"235331","none",0,0
"235332","none",0,0
"235333","none",0,0
"235334","none",0,0
"235335","none",0,0
"235336","none",0,0
"235337","none",0,0
"235338","none",0,0
"235339","none",0,0
"235340","none",0,0
"235341","none",0,0
"235342","none",0,0
"235343","none",0,0
"235344","none",0,0
"235345","none",0,0
"235346","none",0,0
"235347","none",0,0
"235348","none",0,0
"235349","none",0,0
"235350","none",0,0
"235351","none",0,0
"235352","none",0,0
"235353","none",0,0
"235354","none",0,0
"235355","none",0,0
"235356","none",0,0
"235357","none",0,0
"235358","none",0,0
"235359","none",0,0
"235360","none",0,0
"235361","none",0,0
"235362","none",0,0
"235363","none",0,0
"235364","none",0,0
"235365","none",0,0
"235366","none",0,0
"235367","none",0,0
"235368","none",0,0
"235369","none",0,0
"235370","none",0,0
"235371","none",0,0
"235372","none",0,0
"235373","none",0,0
"235374","none",0,0
"235375","none",0,0
"235376","none",0,0
"235377","none",0,0
"235378","none",0,0
"235379","none",0,0
"235380","none",0,0
"235381","none",0,0
"235382","none",0,0
"235383","none",0,0
"235384","none",0,0
"235385","none",0,0
"235386","none",0,0
"235387","none",0,0
"235388","none",0,0
"235389","none",0,0
"235390","none",0,0
"235391","none",0,0
"235392","none",0,0
"235393","none",0,0
"235394","none",0,0
"235395","none",0,0
"235396","none",0,0
"235397","none",0,0
"235398","none",0,0
"235399","none",0,0
"235400","none",0,0
"235401","none",0,0
"235402","none",0,0
"235403","none",0,0
"235404","none",0,0
"235405","none",0,0
"235406","none",0,0
"235407","none",0,0
"235408","none",0,0
"235409","none",0,0
"235410","none",0,0
"235411","none",0,0
"235412","none",0,0
"235413","none",0,0
"235414","none",0,0
"235415","none",0,0
"235416","none",0,0
"235417","none",0,0
"235418","none",0,0
"235419","none",0,0
"235420","none",0,0
"235421","none",0,0
"235422","none",0,0
"235423","none",0,0
"235424","none",0,0
"235425","none",0,0
"235426","none",0,0
"235427","none",0,0
"235428","none",0,0
"235429","none",0,0
"235430","none",0,0
"235431","none",0,0
"235432","none",0,0
"235433","none",0,0
"235434","none",0,0
"235435","none",0,0
"235436","none",0,0
"235437","none",0,0
"235438","none",0,0
"235439","none",0,0
"235440","none",0,0
"235441","none",0,0
"235442","correlator",-80,-50
"235443","correlator",-100,-90
"235444","correlator",-80,-20
"235445","correlator",-90,-50
"235446","correlator",-80,-50
"235447","none",0,0
"235448","none",0,0
"235449","none",0,0
"235450","none",0,0
"235451","none",0,0
"235452","none",0,0
"235453","none",0,0
"235454","none",0,0
"235455","none",0,0
"235456","none",0,0
"235457","none",0,0
"235458","none",0,0
"235459","none",0,0
"235460","none",0,0
"235461","none",0,0
"235462","none",0,0
"235463","none",0,0
"235464","none",0,0
"235465","none",0,0
"235466","none",0,0
"235467","none",0,0
"235468","none",0,0
"235469","none",0,0
"235470","none",0,0
"235471","none",0,0
"235472","none",0,0
"235473","none",0,0
"235474","none",0,0
"235475","none",0,0
"235476","none",0,0
"235477","none",0,0
"235478","none",0,0
"235479","none",0,0
"235480","none",0,0
"235481","none",0,0
"235482","none",0,0
"235483","none",0,0
"235484","none",0,0
"235485","none",0,0
"235486","none",0,0
"235487","none",0,0
"235488","none",0,0
"235489","none",0,0
"235490","none",0,0
"235491","none",0,0
"235492","none",0,0
"235493","none",0,0
"235494","none",0,0
"235495","none",0,0
"235496","none",0,0
"235497","none",0,0
"235498","none",0,0
"235499","none",0,0
"235500","none",0,0
"235501","none",0,0
"235502","none",0,0
"235503","none",0,0
"235504","none",0,0
"235505","none",0,0
"235506","none",0,0
"235507","none",0,0
"235508","none",0,0
"235509","none",0,0
"235510","none",0,0
"235511","none",0,0
"235512","none",0,0
"235513","none",0,0
"235514","none",0,0
"235515","none",0,0
"235516","none",0,0
"235517","none",0,0
"235518","none",0,0
"235519","none",0,0
"235520","none",0,0
"235521","none",0,0
"235522","none",0,0
"235523","none",0,0
"235524","none",0,0
"235525","none",0,0
"235526","none",0,0
"235527","none",0,0
"235528","none",0,0
"235529","none",0,0
"235530","none",0,0
"235531","none",0,0
"235532","none",0,0
"235533","none",0,0
"235534","none",0,0
"235535","none",0,0
"235536","none",0,0
"235537","none",0,0
"235538","none",0,0
"235539","none",0,0
"235540","none",0,0
"235541","none",0,0
"235542","none",0,0
"235543","none",0,0
"235544","none",0,0
"235545","none",0,0
"235546","none",0,0
"235547","none",0,0
"235548","none",0,0
"235549","none",0,0
"235550","none",0,0
"235551","none",0,0
"235552","none",0,0
"235553","none",0,0
"235554","none",0,0
"235555","none",0,0
"235556","none",0,0
"235557","none",0,0
"235558","none",0,0
"235559","none",0,0
"235560","none",0,0
"235561","none",0,0
"235562","none",0,0
"235563","none",0,0
"235564","none",0,0
"235565","none",0,0
"235566","none",0,0
"235567","none",0,0
"235568","none",0,0
"235569","none",0,0
"235570","none",0,0
"235571","none",0,0
"235572","none",0,0
"235573","none",0,0
"235574","none",0,0
"235575","none",0,0
"235576","none",0,0
"235577","none",0,0
"235578","none",0,0
"235579","none",0,0
"235580","none",0,0
"235581","none",0,0
"235582","none",0,0
"235583","none",0,0
"235584","none",0,0
"235585","none",0,0
"235586","none",0,0
"235587","none",0,0
"235588","none",0,0
"235589","none",0,0
"235590","none",0,0
"235591","none",0,0
"235592","none",0,0
"235593","none",0,0
"235594","none",0,0
"235595","none",0,0
"235596","none",0,0
"235597","none",0,0
"235598","none",0,0
"235599","none",0,0
"235600","none",0,0
"235601","none",0,0
"235602","none",0,0
"235603","none",0,0
"235604","none",0,0
"235605","none",0,0
"235606","none",0,0
"235607","none",0,0
"235608","none",0,0
"235609","none",0,0
"235610","none",0,0
"235611","none",0,0
"235612","none",0,0
"235613","none",0,0
"235614","none",0,0
"235615","none",0,0
"235616","none",0,0
"235617","none",0,0
"235618","none",0,0
"235619","none",0,0
"235620","none",0,0
"235621","none",0,0
"235622","none",0,0
"235623","none",0,0
"235624","none",0,0
"235625","none",0,0
"235626","none",0,0
"235635","none",0,0
"235636","none",0,0
"235637","none",0,0
"235638","none",0,0
"235639","none",0,0
"235640","none",0,0
"235641","none",0,0
"235642","none",0,0
"235643","none",0,0
"235644","none",0,0
"235645","none",0,0
"235646","none",0,0
"235647","none",0,0
"235648","none",0,0
"235649","none",0,0
"235650","none",0,0
"235651","none",0,0
"235652","none",0,0
"235653","none",0,0
"235654","none",0,0
"235655","none",0,0
"235656","none",0,0
"235657","none",0,0
"235658","none",0,0
"235659","none",0,0
"235660","none",0,0
"235661","none",0,0
"235662","none",0,0
"235663","none",0,0
"235664","none",0,0
"235665","none",0,0
"235666","none",0,0
"235667","none",0,0
"235668","none",0,0
"235669","none",0,0
"235670","none",0,0
"235671","none",0,0
"235672","none",0,0
"235673","none",0,0
"235674","none",0,0
"235675","none",0,0
"235676","none",0,0
"235677","none",0,0
"235678","none",0,0
"235679","none",0,0
"235680","none",0,0
"235681","none",0,0
"235682","none",0,0
"235683","none",0,0
"235684","none",0,0
"235685","none",0,0
"235686","none",0,0
"235687","none",0,0
"235688","none",0,0
"235689","none",0,0
"235690","none",0,0
"235691","none",0,0
"235692","none",0,0
"235693","none",0,0
"235694","none",0,0
"235695","none",0,0
"235696","none",0,0
"235718","none",0,0
"235719","none",0,0
"235720","none",0,0
"235721","none",0,0
"235722","none",0,0
"235723","none",0,0
"235724","none",0,0
"235725","none",0,0
"235726","none",0,0
"235727","none",0,0
"235728","none",0,0
"235729","none",0,0
"235730","none",0,0
"235731","none",0,0
"235732","none",0,0
"235733","none",0,0
"235734","none",0,0
"235735","none",0,0
"235736","none",0,0
"235737","none",0,0
"235738","none",0,0
"235739","none",0,0
"235740","none",0,0
"235741","none",0,0
"235742","none",0,0
"235743","none",0,0
"235744","none",0,0
"235745","none",0,0
"235746","none",0,0
"235747","none",0,0
"235748","none",0,0
"235749","none",0,0
"237278","none",0,0
"237279","none",0,0
"237280","none",0,0
"237281","none",0,0
"237282","none",0,0
"237283","none",0,0
"237284","none",0,0
"237285","none",0,0
"237286","none",0,0
"237287","none",0,0
"237288","none",0,0
"237289","none",0,0
"237290","none",0,0
"237291","none",0,0
"237292","none",0,0
"237293","none",0,0
"237294","none",0,0
"237295","none",0,0
"237296","none",0,0
"237297","none",0,0
"237298","none",0,0
"237299","none",0,0
"237300","none",0,0
"237301","none",0,0
"237302","none",0,0
"237303","none",0,0
"237304","none",0,0
"237305","none",0,0
"237306","none",0,0
"237307","none",0,0
"237308","none",0,0
"237309","none",0,0
"237310","none",0,0
"237311","none",0,0
"237312","none",0,0
"237313","none",0,0
"237314","none",0,0
"237315","none",0,0
"237316","none",0,0
"237317","none",0,0
"237318","none",0,0
"237319","none",0,0
"237320","none",0,0
"237321","none",0,0
"237322","none",0,0
"237323","none",0,0
"237324","none",0,0
"237325","none",0,0
"237326","none",0,0
"237327","none",0,0
"237328","none",0,0
"237329","none",0,0
"237330","none",0,0
"237331","none",0,0
"237332","none",0,0
"237333","none",0,0
"237334","none",0,0
"237335","none",0,0
"237336","none",0,0
"237337","none",0,0
"237338","none",0,0
"237339","none",0,0
"237340","none",0,0
"237341","none",0,0
"237342","none",0,0
"237343","none",0,0
"237344","none",0,0
"237345","none",0,0
"237346","none",0,0
"237347","none",0,0
"237348","correlator",-180,-130
"237349","none",0,0
"237350","correlator",-190,-30
"237351","none",0,0
"237352","none",0,0
"237353","none",0,0
"237354","none",0,0
"237355","none",0,0
"237356","none",0,0
"237357","none",0,0
"237358","none",0,0
"237359","none",0,0
"237360","none",0,0
"237361","none",0,0
"237362","none",0,0
"237363","none",0,0
"237364","none",0,0
"237365","none",0,0
"237366","none",0,0
"237367","none",0,0
"237368","correlator",-40,0
"237369","correlator",-10,20
"237370","correlator",-50,-20
"237371","none",0,0
"237372","none",0,0
"237373","none",0,0
"237374","none",0,0
"237375","none",0,0
"237376","none",0,0
"237377","none",0,0
"237378","none",0,0
"237379","none",0,0
"237380","none",0,0
"237381","none",0,0
"237382","none",0,0
"237383","none",0,0
"237384","none",0,0
"237385","none",0,0
"237386","none",0,0
"237387","none",0,0
"237388","none",0,0
"237389","none",0,0
"237390","none",0,0
"237391","none",0,0
"237392","none",0,0
"237393","none",0,0
"237394","none",0,0
"237395","none",0,0
"237396","none",0,0
"237397","none",0,0
"237398","none",0,0
"237399","none",0,0
"237400","none",0,0
"237401","none",0,0
"237402","none",0,0
"237403","none",0,0
"237404","none",0,0
"237405","none",0,0
"237406","none",0,0
"237407","none",0,0
"237408","none",0,0
"237409","none",0,0
"237410","none",0,0
"237411","none",0,0
"237412","none",0,0
"237413","none",0,0
"237414","none",0,0
"237415","none",0,0
"237416","none",0,0
"237417","correlator",-160,-40
"237418","correlator",-160,-40
"237419","correlator",-180,-40
"237420","none",0,0
"237421","none",0,0
"237422","none",0,0
"237423","none",0,0
"237424","none",0,0
"237425","none",0,0
"237426","none",0,0
"237427","none",0,0
"237428","none",0,0
"237429","none",0,0
"237430","none",0,0
"237431","none",0,0
"237432","none",0,0
"237433","none",0,0
"237434","none",0,0
"237435","none",0,0
"237436","none",0,0
"237437","none",0,0
"237438","none",0,0
"237439","none",0,0
"237440","none",0,0
"237441","none",0,0
"237442","none",0,0
"237443","none",0,0
"237444","none",0,0
"237445","none",0,0
"237446","none",0,0
"237447","none",0,0
"237448","none",0,0
"237449","none",0,0
"237450","none",0,0
"237451","none",0,0
"237452","none",0,0
"237453","none",0,0
"237454","none",0,0
"237455","none",0,0
"237456","none",0,0
"237457","none",0,0
"237458","none",0,0
"237459","none",0,0
"237460","none",0,0
"237461","none",0,0
"237462","none",0,0
"237463","none",0,0
"237464","none",0,0
"237465","none",0,0
"237466","none",0,0
"237467","none",0,0
"237468","none",0,0
"237469","none",0,0
"237470","none",0,0
"237471","none",0,0
"237472","none",0,0
"237473","none",0,0
"237474","none",0,0
"237475","none",0,0
"237476","none",0,0
"237477","none",0,0
"237478","none",0,0
"237479","none",0,0
"237480","none",0,0
"237481","none",0,0
"237482","none",0,0
"237483","none",0,0
"237484","none",0,0
"237485","none",0,0
"237486","none",0,0
"237487","none",0,0
"237488","none",0,0
"237489","none",0,0
"237490","none",0,0
"237491","none",0,0
"237492","none",0,0
"237493","none",0,0
"237494","none",0,0
"237495","none",0,0
"237496","none",0,0
"237497","none",0,0
"237498","none",0,0
"237499","none",0,0
"237500","none",0,0
"237501","none",0,0
"237502","none",0,0
"237503","none",0,0
"237504","none",0,0
"237505","none",0,0
"237506","none",0,0
"237507","none",0,0
"237508","none",0,0
"237509","none",0,0
"237510","none",0,0
"237511","none",0,0
"237512","none",0,0
"237513","none",0,0
"237514","none",0,0
"237515","none",0,0
"237516","none",0,0
"237517","none",0,0
"237518","none",0,0
"237519","none",0,0
"237520","none",0,0
"237521","none",0,0
"237522","none",0,0
"237523","none",0,0
"237524","none",0,0
"237525","none",0,0
"237526","none",0,0
"237527","none",0,0
"237528","none",0,0
"237529","none",0,0
"237530","none",0,0
"237531","none",0,0
"237532","none",0,0
"237533","none",0,0
"237534","none",0,0
"237535","none",0,0
"237536","none",0,0
"237537","none",0,0
"237538","none",0,0
"237539","none",0,0
"237540","none",0,0
"237541","none",0,0
"237542","none",0,0
"237543","none",0,0
"237544","none",0,0
"237545","none",0,0
"237546","none",0,0
"237547","none",0,0
"237548","none",0,0
"237549","none",0,0
"237550","none",0,0
"237551","none",0,0
"237552","none",0,0
"237553","none",0,0
"237554","none",0,0
"237555","none",0,0
"237556","none",0,0
"237557","none",0,0
"237558","none",0,0
"237559","none",0,0
"237560","none",0,0
"237561","none",0,0
"237562","none",0,0
"237563","none",0,0
"237564","none",0,0
"237565","none",0,0
"237566","none",0,0
"237567","none",0,0
"237568","none",0,0
"237569","none",0,0
"237570","none",0,0
"237571","none",0,0
"237572","none",0,0
"237573","none",0,0
"237574","none",0,0
"237575","none",0,0
"237576","none",0,0
"237577","none",0,0
"237578","none",0,0
"237579","none",0,0
"237580","none",0,0
"237581","none",0,0
"237582","none",0,0
"237583","none",0,0
"237584","none",0,0
"237585","none",0,0
"237586","none",0,0
"237587","none",0,0
"237588","none",0,0
"237589","none",0,0
"237590","none",0,0
"262872","none",0,0
"262873","none",0,0
"262874","none",0,0
"262875","none",0,0
"262876","none",0,0
"262877","none",0,0
"262878","none",0,0
"262879","none",0,0
"262880","none",0,0
"262881","none",0,0
"262882","none",0,0
"262883","none",0,0
"262884","none",0,0
"262885","none",0,0
"262886","none",0,0
"262887","none",0,0
"262888","none",0,0
"262889","none",0,0
"262890","none",0,0
"262891","none",0,0
"262892","none",0,0
"262893","none",0,0
"262894","none",0,0
"262895","none",0,0
"262896","none",0,0
"262897","none",0,0
"262898","none",0,0
"262899","none",0,0
"263333","none",0,0
"263334","none",0,0
"263335","none",0,0
"263336","none",0,0
"263337","none",0,0
"263338","none",0,0
"263339","none",0,0
"263340","none",0,0
"263341","none",0,0
"263342","none",0,0
"263343","none",0,0
"263344","none",0,0
"263345","none",0,0
"263346","none",0,0
"263347","none",0,0
"263348","none",0,0
"263349","none",0,0
"263350","none",0,0
"263351","none",0,0
"263352","none",0,0
"263353","none",0,0
"263354","none",0,0
"263355","none",0,0
"263356","none",0,0
"263357","none",0,0
"263358","none",0,0
"263359","none",0,0
"263360","none",0,0
"263361","none",0,0
"263362","none",0,0
"263363","none",0,0
"263364","none",0,0
"263365","none",0,0
"263366","none",0,0
"263367","none",0,0
"263368","none",0,0
"263369","none",0,0
"263370","none",0,0
"263371","none",0,0
"263372","none",0,0
"263373","none",0,0
"263374","none",0,0
"263375","none",0,0
"263376","none",0,0
"263377","none",0,0
"263378","none",0,0
"263379","none",0,0
"263380","none",0,0
"263381","none",0,0
"263382","none",0,0
"263383","none",0,0
"263384","none",0,0
"263385","none",0,0
"263386","none",0,0
"263387","none",0,0
"263388","none",0,0
"263389","none",0,0
"263390","none",0,0
"263391","none",0,0
"263392","none",0,0
"263393","none",0,0
"263394","none",0,0
"263467","none",0,0
"263468","none",0,0
"263469","none",0,0
"263470","none",0,0
"263471","none",0,0
"263472","none",0,0
"263473","none",0,0
"263474","none",0,0
"263475","none",0,0
"263476","none",0,0
"263477","none",0,0
"263478","none",0,0
"263479","none",0,0
"263480","none",0,0
"263481","correlator",80,40
"263482","correlator",20,20
"263483","correlator",-180,0
"263484","correlator",10,-130
"263485","none",0,0
"263486","none",0,0
"263487","none",0,0
"263488","none",0,0
"263489","none",0,0
"263490","none",0,0
"263491","none",0,0
"263492","none",0,0
"263493","none",0,0
"263494","none",0,0
"263495","none",0,0
"263496","none",0,0
"263497","none",0,0
"263498","none",0,0
"263499","none",0,0
"263500","none",0,0
"263501","none",0,0
"263502","none",0,0
"263503","none",0,0
"263504","none",0,0
"263505","none",0,0
"263506","none",0,0
"263507","none",0,0
"263508","none",0,0
"263509","none",0,0
"263510","none",0,0
"263511","none",0,0
"263512","none",0,0
"263513","none",0,0
"263514","correlator",80,-30
"263515","correlator",80,-60
"263516","correlator",90,-100
"263517","correlator",90,-110
"263518","correlator",0,-130
"263519","none",0,0
"263520","none",0,0
"263521","none",0,0
"263522","none",0,0
"263523","none",0,0
"263524","none",0,0
"263525","none",0,0
"263526","none",0,0
"263527","none",0,0
"263528","none",0,0
"263529","none",0,0
"263530","none",0,0
"263531","none",0,0
"263532","none",0,0
"263533","none",0,0
"263534","none",0,0
"263535","none",0,0
"263609","none",0,0
"263610","none",0,0
"263611","none",0,0
"263612","none",0,0
"263613","none",0,0
"263614","none",0,0
"263615","none",0,0
"263616","none",0,0
"263617","none",0,0
"263618","none",0,0
"263619","none",0,0
"263620","none",0,0
"263621","none",0,0
"263622","none",0,0
"263623","none",0,0
"263624","none",0,0
"263625","none",0,0
"263626","none",0,0
"263627","none",0,0
"263628","none",0,0
"263629","none",0,0
"263630","none",0,0
"263631","none",0,0
"263632","none",0,0
"263633","none",0,0
"263634","none",0,0
"263635","none",0,0
"263636","none",0,0
"263637","none",0,0
"263638","none",0,0
"263639","none",0,0
"263640","none",0,0
"263641","none",0,0
"263642","none",0,0
"263643","none",0,0
"263644","none",0,0
"263645","none",0,0
"263646","none",0,0
"263647","none",0,0
"263648","none",0,0
"263649","none",0,0
"263650","none",0,0
"263651","none",0,0
"263652","none",0,0
"263653","none",0,0
"263654","none",0,0
"263655","none",0,0
"263656","none",0,0
"263657","none",0,0
"263658","none",0,0
"263659","none",0,0
"263660","none",0,0
"263661","none",0,0
"263662","none",0,0
"263663","none",0,0
"263664","none",0,0
"263665","none",0,0
"263666","none",0,0
"263667","none",0,0
"263668","none",0,0
"263669","none",0,0
"263670","none",0,0
"263671","none",0,0
"263672","none",0,0
"263673","none",0,0
"263747","none",0,0
"263748","none",0,0
"263749","none",0,0
"263750","none",0,0
"263751","none",0,0
"263752","none",0,0
"263753","none",0,0
"263754","none",0,0
"263755","none",0,0
"263756","none",0,0
"263757","none",0,0
"263758","none",0,0
"263759","none",0,0
"263760","none",0,0
"263761","none",0,0
"263762","none",0,0
"263763","none",0,0
"263764","none",0,0
"263765","none",0,0
"263766","none",0,0
"263767","none",0,0
"263768","none",0,0
"263769","none",0,0
"263770","none",0,0
"263771","none",0,0
"263772","correlator",-50,10
"263773","correlator",70,-10
"263774","none",0,0
"263775","none",0,0
"263776","none",0,0
"263777","none",0,0
"263778","none",0,0
"263779","none",0,0
"263780","none",0,0
"263781","none",0,0
"263782","correlator",10,-130
"263783","none",0,0
"263784","correlator",50,-20
"263785","correlator",70,-10
"263786","none",0,0
"263787","none",0,0
"263788","none",0,0
"263789","none",0,0
"263790","none",0,0
"263791","none",0,0
"263792","none",0,0
"263793","none",0,0
"263794","none",0,0
"263795","none",0,0
"263796","none",0,0
"263797","none",0,0
"263798","none",0,0
"263799","none",0,0
"263800","none",0,0
"263801","none",0,0
"263802","none",0,0
"263803","none",0,0
"263804","none",0,0
"263805","none",0,0
"263806","none",0,0
"263807","none",0,0
"263808","none",0,0
"263809","none",0,0
"263810","none",0,0
"263811","none",0,0
"263880","none",0,0
"263881","none",0,0
"263882","none",0,0
"263883","none",0,0
"263884","none",0,0
"263885","none",0,0
"263886","none",0,0
"263887","none",0,0
"263888","none",0,0
"263889","none",0,0
"263890","none",0,0
"263891","none",0,0
"263892","none",0,0
"263893","none",0,0
"263894","none",0,0
"263895","none",0,0
"263896","none",0,0
"263897","none",0,0
"263898","none",0,0
"263899","none",0,0
"263900","none",0,0
"263901","none",0,0
"263902","none",0,0
"263903","none",0,0
"263904","none",0,0
"263905","none",0,0
"263906","none",0,0
"309375","none",0,0
"309376","none",0,0
"309377","none",0,0
"309378","none",0,0
"309379","none",0,0
"322638","none",0,0
"322639","none",0,0
"322640","none",0,0
"322641","none",0,0
"322642","none",0,0
"322643","none",0,0
"322644","none",0,0
"322645","none",0,0
"322646","none",0,0
"322647","none",0,0
"322703","none",0,0
"322704","none",0,0
"322705","none",0,0
"322706","none",0,0
"322707","none",0,0
"322708","none",0,0
"322788","none",0,0
"322789","none",0,0
"322790","none",0,0
"322791","none",0,0
"322792","none",0,0
"327441","none",0,0
"327442","none",0,0
"327443","none",0,0
"327444","none",0,0
"327445","none",0,0
"327446","none",0,0
"334442","none",0,0
"334443","none",0,0
"334444","none",0,0
"334445","none",0,0
"334446","none",0,0
"334447","none",0,0
"334448","none",0,0
"334449","none",0,0
"334450","none",0,0
"334451","none",0,0
"334452","none",0,0
"334453","none",0,0
"334454","none",0,0
"334455","none",0,0
"334456","none",0,0
"334457","none",0,0
"334458","none",0,0
"334459","none",0,0
"334460","none",0,0
"334461","none",0,0
"334462","none",0,0
"334463","none",0,0
"334464","none",0,0
"334465","none",0,0
"334466","none",0,0
"334467","none",0,0
"334468","none",0,0
"334497","none",0,0
"334498","none",0,0
"334499","none",0,0
"334500","none",0,0
"334501","none",0,0
"334502","none",0,0
"334503","none",0,0
"334504","none",0,0
"334505","none",0,0
"334506","none",0,0
"334507","none",0,0
"334508","none",0,0
"334509","none",0,0
"334510","none",0,0
"334513","none",0,0
"334514","none",0,0
"334515","none",0,0
"334516","none",0,0
"334517","none",0,0
"334518","none",0,0
"334519","none",0,0
"334520","none",0,0
"334521","none",0,0
"334522","none",0,0
"334523","none",0,0
"334524","none",0,0
"334530","none",0,0
"334531","none",0,0
"334532","none",0,0
"334533","none",0,0
"334534","none",0,0
"334535","none",0,0
"334536","none",0,0
"334537","none",0,0
"334538","none",0,0
"347795","none",0,0
"347796","none",0,0
"347797","none",0,0
"347798","none",0,0
"347799","none",0,0
"347800","none",0,0
"347801","none",0,0
"347802","none",0,0
"347803","none",0,0
"347804","none",0,0
"347805","none",0,0
"347806","none",0,0
"347807","none",0,0
"347808","none",0,0
"537436","none",0,0
"537437","correlator",-20,60
"537438","correlator",10,0
"537439","correlator",0,40
"537440","correlator",10,30
"537441","correlator",30,20
"537442","none",0,0
"537443","none",0,0
"537444","none",0,0
"537445","none",0,0
"537446","none",0,0
"537447","none",0,0
"537448","none",0,0
"537449","none",0,0
"537450","none",0,0
"537451","none",0,0
"537452","none",0,0
"537453","none",0,0
"537454","none",0,0
"537455","none",0,0
"537456","none",0,0
"537457","none",0,0
"537458","correlator",20,130
"537459","none",0,0
"537460","correlator",0,90
"537461","none",0,0
"537462","correlator",-80,140
"537463","none",0,0
"537464","none",0,0
"537465","none",0,0
"537466","none",0,0
"537467","none",0,0
"537468","none",0,0
"537469","none",0,0
"537470","none",0,0
"537471","none",0,0
"537472","none",0,0
"537473","none",0,0
"537474","none",0,0
"537475","none",0,0
"537476","none",0,0
"537477","none",0,0
"537478","none",0,0
"537479","none",0,0
"537480","none",0,0
"537481","none",0,0
"537482","none",0,0
"537483","none",0,0
"537484","none",0,0
"537485","none",0,0
"537486","none",0,0
"537487","none",0,0
"537488","none",0,0
"537489","none",0,0
"537490","none",0,0
"537491","none",0,0
"537492","none",0,0
"537493","none",0,0
"537494","none",0,0
"537495","none",0,0
"537496","none",0,0
"537497","none",0,0
"537498","none",0,0
"537499","none",0,0
"537500","none",0,0
"537501","none",0,0
"537502","none",0,0
"537503","none",0,0
"537504","none",0,0
"537505","none",0,0
"537506","none",0,0
"537507","none",0,0
"537508","none",0,0
"537509","none",0,0
"537510","none",0,0
"537511","none",0,0
"537512","none",0,0
"537513","none",0,0
"537514","none",0,0
"537515","none",0,0
"537516","none",0,0
"537517","none",0,0
"537518","none",0,0
"537519","none",0,0
"537520","none",0,0
"537521","none",0,0
"537522","none",0,0
"537523","correlator",-30,-70
"537524","correlator",-20,-70
"537525","correlator",-20,-50
"537526","correlator",-40,-70
"537527","none",0,0
"537549","none",0,0
"537550","none",0,0
"537551","none",0,0
"537552","none",0,0
"537553","none",0,0
"537554","none",0,0
"537555","none",0,0
"537556","none",0,0
"537557","none",0,0
"537558","none",0,0
"537559","none",0,0
"537560","none",0,0
"537561","none",0,0
"539032","none",0,0
"539033","none",0,0
"539034","none",0,0
"539035","none",0,0
"539036","none",0,0
"539037","none",0,0
"539038","none",0,0
"539039","none",0,0
"539040","none",0,0
"539041","none",0,0
"539042","none",0,0
"539043","none",0,0
"539044","none",0,0
"539045","none",0,0
"539046","none",0,0
"539047","none",0,0
"539048","none",0,0
"539049","none",0,0
"539050","none",0,0
"539051","none",0,0
"539052","none",0,0
"539053","none",0,0
"539054","none",0,0
"539055","none",0,0
"539056","none",0,0
"539057","none",0,0
"539058","none",0,0
"539059","none",0,0
"539060","none",0,0
"539061","none",0,0
"539062","none",0,0
"539063","none",0,0
"539064","none",0,0
"539065","none",0,0
"539066","none",0,0
"539067","none",0,0
"539068","none",0,0
"539069","none",0,0
"539070","none",0,0
"539071","none",0,0
"539072","none",0,0
"539226","none",0,0
"539227","none",0,0
"539228","none",0,0
"539229","none",0,0
"539230","none",0,0
"539231","none",0,0
"539232","correlator",90,60
"539233","correlator",50,80
"539234","correlator",30,40
"539235","correlator",20,20
"539236","correlator",-20,40
"539237","none",0,0
"539238","none",0,0
"539239","none",0,0
"539240","none",0,0
"539241","none",0,0
"539242","none",0,0
"539243","none",0,0
"539244","none",0,0
"539245","none",0,0
"539246","none",0,0
"539247","none",0,0
"539248","none",0,0
"539249","none",0,0
"539250","none",0,0
"539251","none",0,0
"539252","none",0,0
"539253","none",0,0
"539254","none",0,0
"539255","none",0,0
"539256","none",0,0
"539257","none",0,0
"539258","none",0,0
"539259","none",0,0
"539260","none",0,0
"539261","none",0,0
"539262","none",0,0
"539263","none",0,0
"539264","correlator",-220,-30
"539265","none",0,0
"539266","none",0,0
"539267","none",0,0
"539268","none",0,0
"539269","none",0,0
"539270","none",0,0
"539271","none",0,0
"539272","none",0,0
"539273","none",0,0
"539274","none",0,0
"539275","none",0,0
"539276","none",0,0
"539277","none",0,0
"539278","none",0,0
"539279","none",0,0
"539280","none",0,0
"539281","none",0,0
"539282","none",0,0
"539283","none",0,0
"539284","none",0,0
"539285","none",0,0
"539286","none",0,0
"539287","none",0,0
"539288","none",0,0
"539289","none",0,0
"539290","none",0,0
"539291","none",0,0
"539292","none",0,0
"539293","none",0,0
"539294","none",0,0
"539295","none",0,0
"539296","none",0,0
"539297","none",0,0
"539298","none",0,0
"539299","none",0,0
"539300","none",0,0
"539301","none",0,0
"539302","none",0,0
"539303","correlator",-150,-60
"539304","correlator",-110,-60
"539305","none",0,0
"539306","none",0,0
"539307","none",0,0
"539308","none",0,0
"539309","none",0,0
"539310","none",0,0
"539311","none",0,0
"539312","none",0,0
"539313","none",0,0
"539314","none",0,0
"539315","none",0,0
"539316","none",0,0
"539317","none",0,0
"539318","none",0,0
"539319","none",0,0
"539320","none",0,0
"539321","none",0,0
"539322","none",0,0
"539323","none",0,0
"539324","none",0,0
"539325","none",0,0
"539326","none",0,0
"539327","none",0,0
"539328","none",0,0
"539329","none",0,0
"539330","none",0,0
"539331","none",0,0
"539332","none",0,0
"539333","none",0,0
"539334","none",0,0
"539335","none",0,0
"539336","none",0,0
"539337","none",0,0
"539338","none",0,0
"539339","none",0,0
"539340","none",0,0
"539341","none",0,0
"539342","none",0,0
"539343","none",0,0
"539344","none",0,0
"539345","none",0,0
"539346","none",0,0
"539347","none",0,0
"539348","none",0,0
"539349","none",0,0
"539350","none",0,0
"539351","none",0,0
"539352","none",0,0
"539353","none",0,0
"539354","none",0,0
"539355","none",0,0
"539356","none",0,0
"539357","none",0,0
"539358","none",0,0
"539359","none",0,0
"539360","none",0,0
"539361","none",0,0
"539362","none",0,0
"539363","none",0,0
"539364","none",0,0
"539365","none",0,0
"539366","none",0,0
"539367","none",0,0
"539368","none",0,0
"539369","none",0,0
"539370","none",0,0
"539371","none",0,0
"539372","none",0,0
"539373","none",0,0
"539374","none",0,0
"539375","none",0,0
"539376","none",0,0
"539377","none",0,0
"539378","none",0,0
"539379","none",0,0
"539380","none",0,0
"539381","none",0,0
"539382","none",0,0
"539383","none",0,0
"539384","none",0,0
"539385","none",0,0
"539386","none",0,0
"539387","none",0,0
"539388","none",0,0
"539389","none",0,0
"539390","none",0,0
"539391","none",0,0
"539392","none",0,0
"539393","none",0,0
"539394","none",0,0
"539395","none",0,0
"539396","none",0,0
"539397","none",0,0
"539398","none",0,0
"539399","none",0,0
"539400","none",0,0
"539401","none",0,0
"539402","none",0,0
"539403","none",0,0
"539404","none",0,0
"539405","none",0,0
"539406","none",0,0
"539407","none",0,0
"539408","none",0,0
"539409","none",0,0
"539410","none",0,0
"539411","none",0,0
"539412","none",0,0
"539413","none",0,0
"539414","none",0,0
"539415","none",0,0
"539416","none",0,0
"539417","none",0,0
"539418","none",0,0
"539419","none",0,0
"539420","none",0,0
"539421","none",0,0
"539422","none",0,0
"539423","none",0,0
"539424","none",0,0
"539425","none",0,0
"539426","none",0,0
"539427","none",0,0
"539428","none",0,0
"539429","none",0,0
"539430","none",0,0
"539431","none",0,0
"539432","none",0,0
"539433","none",0,0
"539434","none",0,0
"539435","none",0,0
"539436","none",0,0
"539437","none",0,0
"539438","none",0,0
"539439","none",0,0
"539440","none",0,0
"539441","none",0,0
"539442","none",0,0
"539443","none",0,0
"539444","none",0,0
"539445","none",0,0
"539446","none",0,0
"539447","none",0,0
"539448","none",0,0
"539449","none",0,0
"539450","none",0,0
"539451","none",0,0
"539452","none",0,0
"539453","none",0,0
"539454","none",0,0
"539455","none",0,0
"539456","none",0,0
"539457","none",0,0
"539458","none",0,0
"539459","none",0,0
"539460","none",0,0
"539461","none",0,0
"539462","none",0,0
"539463","none",0,0
"539464","none",0,0
"539465","none",0,0
"539466","none",0,0
"539467","none",0,0
"539468","none",0,0
"539469","none",0,0
"539470","none",0,0
"539471","none",0,0
"539472","none",0,0
"539473","none",0,0
"539474","none",0,0
"539475","correlator",10,-20
"539476","correlator",20,-120
"539477","correlator",10,-70
"539478","none",0,0
"539479","none",0,0
"539480","none",0,0
"539481","none",0,0
"539482","none",0,0
"539483","none",0,0
"539484","none",0,0
"539485","none",0,0
"539486","none",0,0
"539487","none",0,0
"539488","none",0,0
"539489","none",0,0
"539490","none",0,0
"539491","none",0,0
"539492","none",0,0
"539493","none",0,0
"539494","none",0,0
"539495","none",0,0
"539496","none",0,0
"539497","none",0,0
"539498","none",0,0
"539499","none",0,0
"539500","none",0,0
"539501","none",0,0
"539502","none",0,0
"539503","none",0,0
"539504","none",0,0
"539505","none",0,0
"539506","correlator",60,0
"539507","none",0,0
"539508","none",0,0
"539509","none",0,0
"539510","none",0,0
"539511","correlator",90,10
"539512","none",0,0
"539513","correlator",90,-10
"539514","correlator",60,-20
"539515","correlator",50,-30
"539516","none",0,0
"539517","none",0,0
"539518","none",0,0
"539519","none",0,0
"539520","none",0,0
"539521","none",0,0
"539522","none",0,0
"539523","none",0,0
"539524","none",0,0
"539525","none",0,0
"539526","none",0,0
"539527","none",0,0
"539528","none",0,0
"539529","none",0,0
"539530","none",0,0
"539531","none",0,0
"539532","none",0,0
"539533","none",0,0
"539534","none",0,0
"539535","none",0,0
"539536","none",0,0
"539537","none",0,0
"539538","none",0,0
"539539","none",0,0
"539540","none",0,0
"539541","none",0,0
"539542","none",0,0
"539543","none",0,0
"539544","none",0,0
"539545","none",0,0
"539546","none",0,0
"539547","none",0,0
"539548","none",0,0
"539549","none",0,0
"539550","none",0,0
"539551","none",0,0
"539552","none",0,0
"539553","none",0,0
"539554","none",0,0
"539555","none",0,0
"539556","none",0,0
"539557","none",0,0
"539558","none",0,0
"539559","none",0,0
"539560","none",0,0
"539561","none",0,0
"539562","none",0,0
"539563","none",0,0
"539564","none",0,0
"539565","correlator",-60,80
"539566","none",0,0
"539567","none",0,0
"539568","none",0,0
"539569","none",0,0
"539570","none",0,0
"539571","none",0,0
"539572","none",0,0
"539573","none",0,0
"539574","none",0,0
"539575","none",0,0
"539576","none",0,0
"539577","none",0,0
"539578","none",0,0
"539579","none",0,0
"539580","none",0,0
"539581","none",0,0
"539582","none",0,0
"539583","none",0,0
"539584","none",0,0
"539585","none",0,0
"539586","none",0,0
"539587","none",0,0
"539588","none",0,0
"539589","none",0,0
"539590","none",0,0
"539591","none",0,0
"539592","none",0,0
"539593","none",0,0
"539594","none",0,0
"539595","none",0,0
"539596","none",0,0
"539597","none",0,0
"539598","none",0,0
"539599","none",0,0
"539600","none",0,0
"539601","none",0,0
"539602","none",0,0
"539603","none",0,0
"539604","none",0,0
"539605","none",0,0
"539606","none",0,0
"539607","none",0,0
"539608","none",0,0
"539609","none",0,0
"539610","none",0,0
"539611","none",0,0
"539612","none",0,0
"539613","none",0,0
"539614","none",0,0
"539615","none",0,0
"539616","none",0,0
"539617","none",0,0
"539618","none",0,0
"539619","none",0,0
"539620","none",0,0
"539621","none",0,0
"539622","none",0,0
"539623","none",0,0
"539624","none",0,0
"539625","none",0,0
"539626","none",0,0
"539627","none",0,0
"539628","none",0,0
"539629","none",0,0
"539630","none",0,0
"539631","none",0,0
"539632","none",0,0
"539633","none",0,0
"539634","none",0,0
"539635","none",0,0
"539636","none",0,0
"539637","none",0,0
"539638","none",0,0
"539639","none",0,0
"539640","none",0,0
"539641","none",0,0
"539642","none",0,0
"539643","none",0,0
"539644","none",0,0
"539645","none",0,0
"539646","none",0,0
"539647","none",0,0
"539648","none",0,0
"539649","none",0,0
"539650","none",0,0
"539651","none",0,0
"539652","none",0,0
"539653","none",0,0
"539654","none",0,0
"539655","none",0,0
"539656","none",0,0
"539657","none",0,0
"539658","none",0,0
"539659","none",0,0
"539660","none",0,0
"539661","none",0,0
"539662","none",0,0
"539663","none",0,0
"539664","none",0,0
"539665","none",0,0
"539666","none",0,0
"539667","none",0,0
"539668","none",0,0
"539669","none",0,0
"539670","none",0,0
"539671","none",0,0
"539672","none",0,0
"539673","none",0,0
"539674","none",0,0
"539675","none",0,0
"539676","none",0,0
"539677","none",0,0
"539678","none",0,0
"539679","none",0,0
"539680","none",0,0
"539681","none",0,0
"539682","none",0,0
"539683","none",0,0
"539684","none",0,0
"539685","none",0,0
"539686","none",0,0
"539687","none",0,0
"539688","none",0,0
"539689","none",0,0
"539690","none",0,0
"539691","none",0,0
"539692","correlator",-80,-30
"539693","none",0,0
"539694","none",0,0
"539695","none",0,0
"539696","none",0,0
"539697","none",0,0
"539698","none",0,0
"539699","none",0,0
"539700","none",0,0
"539701","none",0,0
"539702","none",0,0
"539703","none",0,0
"539704","none",0,0
"539705","none",0,0
"539706","none",0,0
"539707","none",0,0
"539708","none",0,0
"539709","none",0,0
"539710","none",0,0
"539711","none",0,0
"539712","none",0,0
"539713","none",0,0
"539714","none",0,0
"539715","none",0,0
"539716","none",0,0
"539717","none",0,0
"539718","none",0,0
"539719","none",0,0
"539720","correlator",90,-50
"539721","none",0,0
"539722","none",0,0
"539723","none",0,0
"539724","none",0,0
"539725","none",0,0
"539726","none",0,0
"539727","none",0,0
"539728","correlator",80,-20
"539729","correlator",100,0
"539730","none",0,0
"539731","none",0,0
"539732","none",0,0
"539733","none",0,0
"539734","none",0,0
"539735","none",0,0
"539736","none",0,0
"539737","none",0,0
"539738","none",0,0
"539739","none",0,0
"539740","none",0,0
"539741","none",0,0
"539742","none",0,0
"539743","none",0,0
"539744","none",0,0
"539745","none",0,0
"539746","none",0,0
"539747","none",0,0
"539748","none",0,0
"539749","none",0,0
"539750","none",0,0
"539751","none",0,0
"539752","none",0,0
"539753","none",0,0
"539754","correlator",-10,-50
"539755","none",0,0
"539756","none",0,0
"539757","none",0,0
"539758","none",0,0
"539759","none",0,0
"539760","none",0,0
"539761","none",0,0
"539762","none",0,0
"539763","none",0,0
"539764","none",0,0
"539765","none",0,0
"539766","none",0,0
"539767","none",0,0
"539768","none",0,0
"539769","none",0,0
"539770","none",0,0
"539771","none",0,0
"539772","none",0,0
"539773","none",0,0
"539774","none",0,0
"539775","none",0,0
"539776","none",0,0
"539777","none",0,0
"539778","none",0,0
"539779","none",0,0
"539780","none",0,0
"539781","none",0,0
"539782","none",0,0
"539783","none",0,0
"539784","none",0,0
"539785","none",0,0
"539786","none",0,0
"539787","none",0,0
"539788","none",0,0
"539789","none",0,0
"539790","none",0,0
"539791","none",0,0
"539792","none",0,0
"539793","none",0,0
"539794","none",0,0
"539795","none",0,0
"539796","none",0,0
"539797","none",0,0
"539798","none",0,0
"539799","none",0,0
"539800","none",0,0
"539801","none",0,0
"539802","none",0,0
"539803","none",0,0
"539804","none",0,0
"539805","none",0,0
"539806","none",0,0
"539807","none",0,0
"539808","none",0,0
"539809","none",0,0
"539810","none",0,0
"539811","none",0,0
"539812","none",0,0
"539813","none",0,0
"539814","none",0,0
"539815","none",0,0
"539816","none",0,0
"539817","none",0,0
"539818","none",0,0
"539819","none",0,0
"539820","none",0,0
"539821","none",0,0
"539822","none",0,0
"539823","none",0,0
"539824","none",0,0
"539825","none",0,0
"539826","none",0,0
"539827","none",0,0
"539828","none",0,0
"539829","none",0,0
"539830","none",0,0
"539831","none",0,0
"539832","none",0,0
"539833","none",0,0
"539834","none",0,0
"539835","none",0,0
"539836","none",0,0
"539837","none",0,0
"539838","none",0,0
"539839","none",0,0
"539840","none",0,0
"539841","none",0,0
"539842","none",0,0
"539843","none",0,0
"539844","none",0,0
"539845","none",0,0
"539846","none",0,0
"539847","none",0,0
"539848","none",0,0
"539849","none",0,0
"539850","none",0,0
"539851","none",0,0
"539852","none",0,0
"539853","none",0,0
"539854","none",0,0
"539855","none",0,0
"539856","none",0,0
"539857","none",0,0
"539858","none",0,0
"539859","none",0,0
"539860","none",0,0
"539861","none",0,0
"539862","none",0,0
"539863","none",0,0
"539864","none",0,0
"539865","none",0,0
"539866","none",0,0
"539867","none",0,0
"539868","none",0,0
"539869","none",0,0
"539870","none",0,0
"539871","none",0,0
"539872","none",0,0
"539873","none",0,0
"539874","none",0,0
"539875","none",0,0
"539876","none",0,0
"539877","none",0,0
"539878","none",0,0
"539879","none",0,0
"539880","none",0,0
"539881","none",0,0
"539882","none",0,0
"539883","none",0,0
"539884","none",0,0
"539885","none",0,0
"539886","none",0,0
"539887","none",0,0
"539888","none",0,0
"539889","none",0,0
"539890","none",0,0
"539891","none",0,0
"539892","none",0,0
"539893","none",0,0
"539894","none",0,0
"539895","none",0,0
"539896","none",0,0
"539897","none",0,0
"539898","none",0,0
"539967","none",0,0
"539968","none",0,0
"539969","none",0,0
"539970","correlator",80,-20
"539971","correlator",60,20
"539972","none",0,0
"539973","none",0,0
"539974","none",0,0
"539975","correlator",70,30
"539976","correlator",-120,0
"539977","correlator",-110,50
"539978","correlator",-60,40
"539979","none",0,0
"539980","none",0,0
"539981","none",0,0
"539982","none",0,0
"539983","none",0,0
"539984","none",0,0
"539985","none",0,0
"539986","none",0,0
"539987","none",0,0
"539988","none",0,0
"628426","none",0,0
"628427","none",0,0
"628428","none",0,0
"628429","none",0,0
"628430","none",0,0
"628431","none",0,0
"628432","none",0,0
"628433","none",0,0
"628434","none",0,0
"628435","none",0,0
"628436","none",0,0
"628527","none",0,0
"628528","none",0,0
"628529","none",0,0
"628530","none",0,0
"628531","none",0,0
"628532","none",0,0
"628533","none",0,0
"628534","none",0,0
"628535","none",0,0
"628536","none",0,0
"628537","none",0,0
"628538","none",0,0
"628539","none",0,0
"628540","none",0,0
"628541","none",0,0
"628542","none",0,0
"628543","none",0,0
"628544","none",0,0
"628545","none",0,0
"628546","none",0,0
"628547","none",0,0
"628548","none",0,0
"628549","none",0,0
"628550","none",0,0
"628551","none",0,0
"628552","none",0,0
"628553","none",0,0
"628554","none",0,0
"628555","none",0,0
"628556","none",0,0
"628557","none",0,0
"628558","none",0,0
"628559","none",0,0
"628560","none",0,0
"628561","none",0,0
"628562","none",0,0
"628563","none",0,0
"628564","none",0,0
"628565","none",0,0
"628566","none",0,0
"628567","none",0,0
"628568","none",0,0
"628569","none",0,0
"628570","none",0,0
"628575","none",0,0
"628576","none",0,0
"628577","none",0,0
"628578","none",0,0
"628579","none",0,0
"628580","none",0,0
"628581","none",0,0
"628582","none",0,0
"628583","none",0,0
"628584","none",0,0
"628585","none",0,0
"628586","none",0,0
"628587","none",0,0
"628590","none",0,0
"628591","none",0,0
"628592","none",0,0
"628593","none",0,0
"628594","none",0,0
"628595","none",0,0
"628596","none",0,0
"628597","none",0,0
"628598","none",0,0
"628599","none",0,0
"628600","none",0,0
"628601","none",0,0
"628602","none",0,0
"628603","none",0,0
"628604","none",0,0
"628605","none",0,0
"628606","none",0,0
"628607","none",0,0
"628608","none",0,0
"628609","none",0,0
"628610","none",0,0
"628611","none",0,0
"628612","none",0,0
"628613","none",0,0
"628614","none",0,0
"628615","none",0,0
"628616","none",0,0
"628617","none",0,0
"628618","none",0,0
"628619","none",0,0
"628629","none",0,0
"628630","none",0,0
"628631","none",0,0
"628632","none",0,0
"628633","none",0,0
"628634","none",0,0
"628635","none",0,0
"628636","none",0,0
"628637","none",0,0
"628638","none",0,0
"628639","none",0,0
"628640","none",0,0
"628641","none",0,0
"628642","none",0,0
"628643","none",0,0
"628644","none",0,0
"628645","none",0,0
"628646","none",0,0
"628647","none",0,0
"628648","none",0,0
"628649","none",0,0
"628650","none",0,0
"628687","none",0,0
"628688","none",0,0
"628689","none",0,0
"628690","none",0,0
"628691","none",0,0
"628692","none",0,0
"628693","none",0,0
"628694","none",0,0
"628695","none",0,0
"628696","none",0,0
"628697","none",0,0
"628698","none",0,0
"628699","none",0,0
"628700","none",0,0
"628701","none",0,0
"628702","none",0,0
"628703","none",0,0
"628704","none",0,0
"628705","none",0,0
"628706","none",0,0
"628707","none",0,0
"628708","none",0,0
"628748","none",0,0
"628749","none",0,0
"628750","none",0,0
"628751","none",0,0
"628752","none",0,0
"628753","none",0,0
"628754","none",0,0
"628755","none",0,0
"628756","none",0,0
"628757","none",0,0
"628758","none",0,0
"628759","none",0,0
"628760","none",0,0
"628761","none",0,0
"628762","none",0,0
"628763","none",0,0
"628764","none",0,0
"628765","none",0,0
"628766","none",0,0
"628767","none",0,0
"628768","none",0,0
"628769","none",0,0
"628807","none",0,0
"628808","none",0,0
"628809","none",0,0
"628810","none",0,0
"628811","none",0,0
"628812","none",0,0
"628813","none",0,0
"628814","none",0,0
"628815","none",0,0
"628816","none",0,0
"628817","none",0,0
"628818","none",0,0
"628819","none",0,0
"628820","none",0,0
"628821","none",0,0
"628822","none",0,0
"628823","none",0,0
"628824","none",0,0
"628825","none",0,0
"628826","none",0,0
"628827","none",0,0
"628828","none",0,0
"628867","none",0,0
"628868","none",0,0
"628869","none",0,0
"628870","none",0,0
"628871","none",0,0
"628872","none",0,0
"628873","none",0,0
"628874","none",0,0
"628875","none",0,0
"628876","none",0,0
"628877","none",0,0
"628878","none",0,0
"628879","none",0,0
"628880","none",0,0
"628881","none",0,0
"628882","none",0,0
"628883","none",0,0
"628884","none",0,0
"628885","none",0,0
"628886","none",0,0
"628887","none",0,0
"628888","none",0,0
"651928","none",0,0
"651929","none",0,0
"651930","none",0,0
"651931","none",0,0
"651932","none",0,0
"651933","none",0,0
"651968","none",0,0
"651969","none",0,0
"651970","none",0,0
"651971","none",0,0
"651972","none",0,0
"651973","none",0,0
"695103","none",0,0
"695104","none",0,0
"695105","none",0,0
"695106","none",0,0
"695107","none",0,0
"695108","none",0,0
"695109","none",0,0
"695110","none",0,0
"695111","none",0,0
"695112","none",0,0
"695113","none",0,0
"695114","none",0,0
"695115","none",0,0
"695116","none",0,0
"695117","none",0,0
"695118","none",0,0
"695119","none",0,0
"695120","none",0,0
"695121","none",0,0
"695122","none",0,0
"695123","none",0,0
"695124","none",0,0
"695125","none",0,0
"695126","none",0,0
"695127","none",0,0
"695128","none",0,0
"695129","none",0,0
"695130","none",0,0
"695131","none",0,0
"695132","none",0,0
"695133","none",0,0
"695263","none",0,0
"695264","none",0,0
"695265","none",0,0
"695266","none",0,0
"695267","none",0,0
"695268","none",0,0
"695269","none",0,0
"695270","none",0,0
"695271","none",0,0
"695272","none",0,0
"695273","none",0,0
"695274","none",0,0
"695275","none",0,0
"695276","none",0,0
"695277","none",0,0
"695278","none",0,0
"695279","none",0,0
"695280","none",0,0
"695281","none",0,0
"695282","none",0,0
"695283","none",0,0
"695284","none",0,0
"695285","none",0,0
"695286","none",0,0
"695287","none",0,0
"695288","none",0,0
"695289","none",0,0
"695290","none",0,0
"695291","none",0,0
"695315","none",0,0
"695316","none",0,0
"695317","none",0,0
"695318","none",0,0
"695319","none",0,0
"695320","none",0,0
"695321","none",0,0
"695322","none",0,0
"695323","none",0,0
"695324","none",0,0
"695325","none",0,0
"695326","none",0,0
"695327","none",0,0
"695328","none",0,0
"695329","none",0,0
"695330","none",0,0
"695331","none",0,0
"695332","none",0,0
"695333","none",0,0
"696082","none",0,0
"696083","none",0,0
"696084","none",0,0
"696085","none",0,0
"696086","none",0,0
"696087","none",0,0
"696088","none",0,0
"696089","none",0,0
"696090","none",0,0
"696091","none",0,0
"696092","none",0,0
"696093","none",0,0
"696094","none",0,0
"696099","none",0,0
"696100","none",0,0
"696101","none",0,0
"696102","none",0,0
"696103","none",0,0
"696104","none",0,0
"696105","none",0,0
"696106","none",0,0
"696107","none",0,0
"696108","none",0,0
"696109","none",0,0
"696110","none",0,0
"696111","none",0,0
"696112","none",0,0
"696113","none",0,0
"696114","none",0,0
"696115","none",0,0
"696116","none",0,0
"696117","none",0,0
"696118","correlator",-80,380
"696119","none",0,0
"696120","none",0,0
"696121","none",0,0
"696122","none",0,0
"696123","none",0,0
"696124","none",0,0
"696125","none",0,0
"696126","none",0,0
"696127","none",0,0
"696128","none",0,0
"696157","none",0,0
"696158","none",0,0
"696159","none",0,0
"696160","none",0,0
"696161","none",0,0
"696162","none",0,0
"696163","none",0,0
"696164","none",0,0
"696165","none",0,0
"696166","none",0,0
"696167","none",0,0
"696168","none",0,0
"696169","none",0,0
"696170","none",0,0
"696171","none",0,0
"696172","none",0,0
"696173","none",0,0
"696174","none",0,0
"696175","none",0,0
"696176","none",0,0
"696177","none",0,0
"696178","none",0,0
"696179","none",0,0
"696180","none",0,0
"696181","none",0,0
"696182","none",0,0
"696183","none",0,0
"696184","none",0,0
"696185","none",0,0
"696191","none",0,0
"696192","none",0,0
"696193","none",0,0
"696194","none",0,0
"696195","none",0,0
"696196","none",0,0
"696197","none",0,0
"696198","none",0,0
"696199","none",0,0
"696200","none",0,0
"696201","none",0,0
"696202","none",0,0
"696203","none",0,0
"696204","none",0,0
"696205","none",0,0
"696206","none",0,0
"696207","none",0,0
"696208","none",0,0
"696209","none",0,0
"696210","none",0,0
"696211","none",0,0
"696212","none",0,0
"696213","none",0,0
"696214","none",0,0
"696215","none",0,0
"696216","none",0,0
"696217","none",0,0
"696218","none",0,0
"696219","none",0,0
"696220","none",0,0
"696236","none",0,0
"696237","none",0,0
"696238","none",0,0
"696239","none",0,0
"696240","none",0,0
"696241","none",0,0
"696242","none",0,0
"696243","none",0,0
"696244","none",0,0
"696245","none",0,0
"696246","none",0,0
"696247","none",0,0
"696248","none",0,0
"696249","none",0,0
"696250","none",0,0
"696251","none",0,0
"696252","none",0,0
"696253","none",0,0
"696254","none",0,0
"696255","none",0,0
"696256","none",0,0
"696257","none",0,0
"696258","none",0,0
"696259","none",0,0
"696260","none",0,0
"696261","none",0,0
"696262","none",0,0
"696263","none",0,0
"696264","none",0,0
"696265","none",0,0
"696293","none",0,0
"696294","none",0,0
"696295","none",0,0
"696296","none",0,0
"696297","none",0,0
"696298","none",0,0
"696299","none",0,0
"696300","none",0,0
"696301","none",0,0
"696302","none",0,0
"696303","none",0,0
"696304","none",0,0
"696305","none",0,0
"696306","none",0,0
"696307","none",0,0
"696308","none",0,0
"696309","none",0,0
"696310","none",0,0
"696311","none",0,0
"696312","none",0,0
"696313","none",0,0
"696314","none",0,0
"696315","none",0,0
"696316","none",0,0
"696317","none",0,0
"696318","none",0,0
"696319","none",0,0
"696320","none",0,0
"696321","none",0,0
"696322","none",0,0
"696327","none",0,0
"696328","none",0,0
"696329","none",0,0
"696330","none",0,0
"696331","none",0,0
"696332","none",0,0
"696333","none",0,0
"696334","none",0,0
"696335","none",0,0
"696336","none",0,0
"696337","none",0,0
"696338","none",0,0
"696339","none",0,0
"696340","none",0,0
"696341","none",0,0
"696342","none",0,0
"696343","none",0,0
"696344","none",0,0
"696345","none",0,0
"696346","none",0,0
"696347","none",0,0
"696348","none",0,0
"696349","none",0,0
"696350","none",0,0
"696351","none",0,0
"696352","none",0,0
"696353","none",0,0
"696354","none",0,0
"696355","none",0,0
"696383","none",0,0
"696384","none",0,0
"696385","none",0,0
"696386","none",0,0
"696387","none",0,0
"696388","none",0,0
"696389","none",0,0
"696390","none",0,0
"696391","none",0,0
"696392","none",0,0
"696393","none",0,0
"696394","none",0,0
"696395","none",0,0
"696396","none",0,0
"696397","none",0,0
"696398","none",0,0
"696399","none",0,0
"696400","none",0,0
"696401","none",0,0
"696402","none",0,0
"696403","none",0,0
"696404","none",0,0
"696405","none",0,0
"696406","none",0,0
"696407","none",0,0
"696408","none",0,0
"696409","none",0,0
"696410","none",0,0
"696411","none",0,0
"696412","none",0,0
"697281","none",0,0
"697282","none",0,0
"697283","none",0,0
"697284","none",0,0
"697285","none",0,0
"697286","none",0,0
"697287","none",0,0
"697288","none",0,0
"697289","none",0,0
"697290","none",0,0
"697291","none",0,0
"697292","none",0,0
"697293","none",0,0
"697294","none",0,0
"697295","none",0,0
"697296","none",0,0
"697297","none",0,0
"697298","none",0,0
"697299","none",0,0
"697300","none",0,0
"697301","none",0,0
"697302","none",0,0
"697303","none",0,0
"697304","none",0,0
"697305","none",0,0
"697306","none",0,0
"697307","none",0,0
"697308","none",0,0
"697309","none",0,0
"697314","none",0,0
"697315","none",0,0
"697316","none",0,0
"697317","none",0,0
"697318","none",0,0
"697319","none",0,0
"697320","none",0,0
"697321","none",0,0
"697322","none",0,0
"697323","none",0,0
"697324","none",0,0
"697325","none",0,0
"697326","none",0,0
"697327","none",0,0
"697328","none",0,0
"697329","none",0,0
"697330","none",0,0
"697331","none",0,0
"697332","none",0,0
"697333","none",0,0
"697334","none",0,0
"697335","none",0,0
"697336","none",0,0
"697337","none",0,0
"697338","none",0,0
"697339","none",0,0
"697340","none",0,0
"697341","none",0,0
"697345","none",0,0
"697346","none",0,0
"697347","none",0,0
"697348","none",0,0
"697349","none",0,0
"697350","none",0,0
"697351","none",0,0
"697352","none",0,0
"697353","none",0,0
"697354","none",0,0
"697355","none",0,0
"697356","none",0,0
"697357","none",0,0
"697358","none",0,0
"697359","none",0,0
"697360","none",0,0
"697361","none",0,0
"697362","none",0,0
"697363","none",0,0
"697364","none",0,0
"697365","none",0,0
"697366","none",0,0
"697367","none",0,0
"697368","none",0,0
"697369","none",0,0
"697370","none",0,0
"697371","none",0,0
"697372","none",0,0
"697373","none",0,0
"699260","none",0,0
"699261","none",0,0
"699262","none",0,0
"699263","none",0,0
"699264","none",0,0
"699265","none",0,0
"699266","none",0,0
"699267","none",0,0
"699268","none",0,0
"699269","none",0,0
"699270","none",0,0
"699271","none",0,0
"699272","none",0,0
"699273","none",0,0
"699274","none",0,0
"699275","none",0,0
"699276","none",0,0
"699277","none",0,0
"699278","none",0,0
"699279","none",0,0
"699280","none",0,0
"699281","none",0,0
"699282","none",0,0
"699283","none",0,0
"699284","none",0,0
"699285","none",0,0
"699298","none",0,0
"699299","none",0,0
"699300","none",0,0
"699301","none",0,0
"699302","none",0,0
"699303","none",0,0
"699304","none",0,0
"699305","none",0,0
"699306","none",0,0
"699307","none",0,0
"699308","none",0,0
"699309","none",0,0
"699310","none",0,0
"699311","none",0,0
"699312","none",0,0
"699313","none",0,0
"699314","none",0,0
"699315","none",0,0
"699316","none",0,0
"699317","none",0,0
"699318","none",0,0
"699319","none",0,0
"699320","none",0,0
"699321","none",0,0
"699322","none",0,0
"699323","none",0,0
"699324","none",0,0
"699325","none",0,0
"699326","none",0,0
"699327","none",0,0
"699328","none",0,0
"699329","none",0,0
"699330","none",0,0
"699331","none",0,0
"699332","none",0,0
"699333","none",0,0
"699334","none",0,0
"699335","none",0,0
"699336","none",0,0
"699337","none",0,0
"699338","none",0,0
"699339","none",0,0
"699340","none",0,0
"699341","none",0,0
"699342","none",0,0
"699343","none",0,0
"699344","none",0,0
"699345","none",0,0
"699346","none",0,0
"699347","none",0,0
"699348","none",0,0
"699349","none",0,0
"699350","none",0,0
"699351","none",0,0
"699352","none",0,0
"699353","none",0,0
"699354","none",0,0
"699355","none",0,0
"699356","none",0,0
"699357","none",0,0
"699358","none",0,0
"699359","none",0,0
"699360","none",0,0
"699361","none",0,0
"699362","none",0,0
"699363","none",0,0
"699364","correlator",150,0
"699365","correlator",140,60
"699366","none",0,0
"699367","none",0,0
"699368","none",0,0
"699369","none",0,0
"699370","none",0,0
"699371","none",0,0
"699372","none",0,0
"699373","correlator",-70,-50
"699374","correlator",-70,70
"699375","none",0,0
"699376","none",0,0
"699377","none",0,0
"699378","none",0,0
"699379","none",0,0
"699380","none",0,0
"699381","none",0,0
"699382","none",0,0
"699383","none",0,0
"699384","none",0,0
"699385","none",0,0
"699386","none",0,0
"699387","none",0,0
"699388","correlator",230,-170
"699389","none",0,0
"699390","none",0,0
"699391","none",0,0
"699392","none",0,0
"699393","none",0,0
"699394","none",0,0
"699395","none",0,0
"699396","none",0,0
"699397","none",0,0
"699398","none",0,0
"699399","none",0,0
"699400","none",0,0
"699401","none",0,0
"699402","none",0,0
"699403","none",0,0
"699404","none",0,0
"699405","none",0,0
"699406","none",0,0
"699407","none",0,0
"699408","none",0,0
"699409","none",0,0
"699410","none",0,0
"699411","none",0,0
"699412","none",0,0
"699413","none",0,0
"699414","none",0,0
"699415","none",0,0
"699416","none",0,0
"699417","none",0,0
"699418","none",0,0
"699419","none",0,0
"699420","none",0,0
"699421","none",0,0
"699422","none",0,0
"699423","none",0,0
"699424","none",0,0
"699425","none",0,0
"699426","none",0,0
"699427","none",0,0
"699428","none",0,0
"699429","none",0,0
"699430","none",0,0
"699431","none",0,0
"699432","none",0,0
"699433","none",0,0
"699434","none",0,0
"699435","none",0,0
"699436","correlator",-310,180
"699437","correlator",-310,210
"699438","none",0,0
"699439","none",0,0
"699440","correlator",-320,270
"699441","none",0,0
"699442","correlator",-240,180
"699443","correlator",-200,100
"699444","none",0,0
"699445","correlator",-90,-150
"699446","none",0,0
"699447","none",0,0
"699448","none",0,0
"699449","none",0,0
"699450","none",0,0
"699451","none",0,0
"699452","none",0,0
"699453","none",0,0
"699454","none",0,0
"699455","none",0,0
"699456","none",0,0
"699457","correlator",-60,-410
"699458","correlator",90,-390
"699459","none",0,0
"699460","none",0,0
"699461","none",0,0
"699462","none",0,0
"699463","none",0,0
"699464","none",0,0
"699465","none",0,0
"699466","none",0,0
"699467","none",0,0
"699468","correlator",-210,-340
"699469","none",0,0
"699470","none",0,0
"699471","none",0,0
"699472","none",0,0
"699473","none",0,0
"699474","none",0,0
"699475","none",0,0
"699476","none",0,0
"699477","none",0,0
"699478","correlator",-560,-330
"699479","none",0,0
"699480","correlator",-460,-360
"699481","none",0,0
"699482","none",0,0
"699483","none",0,0
"699484","none",0,0
"699485","none",0,0
"699486","none",0,0
"699487","none",0,0
"699488","none",0,0
"699489","none",0,0
"699490","none",0,0
"699491","none",0,0
"699492","none",0,0
"699493","none",0,0
"699494","none",0,0
"699495","none",0,0
"699496","none",0,0
"699497","none",0,0
"699498","none",0,0
"699499","none",0,0
"699500","none",0,0
"699501","none",0,0
"699502","none",0,0
"699503","none",0,0
"699504","none",0,0
"699505","none",0,0
"699506","none",0,0
"699507","none",0,0
"712367","none",0,0
"712368","none",0,0
"712369","none",0,0
"712370","none",0,0
"712371","none",0,0
"712372","none",0,0
"712373","none",0,0
"712374","none",0,0
"712375","none",0,0
"712376","none",0,0
"712377","none",0,0
"712378","none",0,0
"712379","none",0,0
"712380","none",0,0
"712381","none",0,0
"712382","none",0,0
"712383","none",0,0
"712384","none",0,0
"712385","none",0,0
"712386","none",0,0
"712387","none",0,0
"712388","none",0,0
"712389","none",0,0
"712390","none",0,0
"712391","none",0,0
"712392","none",0,0
"712393","none",0,0
"712394","none",0,0
"712395","none",0,0
"712396","none",0,0
"712397","none",0,0
"712398","none",0,0
"712399","none",0,0
"712400","none",0,0
"712401","none",0,0
"712402","none",0,0
"712403","none",0,0
"712404","none",0,0
"712405","none",0,0
"712406","none",0,0
"712407","none",0,0
"712408","none",0,0
"712409","none",0,0
"712410","none",0,0
"712411","none",0,0
"712412","none",0,0
"712413","none",0,0
"712414","none",0,0
"712415","none",0,0
"712416","none",0,0
"712417","none",0,0
"712418","none",0,0
"712419","none",0,0
"712420","none",0,0
"712421","none",0,0
"712422","none",0,0
"712423","none",0,0
"712424","none",0,0
"712425","none",0,0
"712426","none",0,0
"712427","none",0,0
"712428","none",0,0
"712429","none",0,0
"712430","none",0,0
"712431","none",0,0
"712432","none",0,0
"712433","none",0,0
"712434","none",0,0
"712435","none",0,0
"712436","none",0,0
"712437","none",0,0
"712438","none",0,0
"712439","none",0,0
"712440","none",0,0
"712441","none",0,0
"712442","none",0,0
"712443","none",0,0
"712444","none",0,0
"712445","none",0,0
"712446","none",0,0
"712447","none",0,0
"712448","none",0,0
"712449","none",0,0
"712450","none",0,0
"712451","none",0,0
"712452","none",0,0
"712453","none",0,0
"712454","none",0,0
"712455","none",0,0
"712456","none",0,0
"712457","none",0,0
"712458","none",0,0
"712459","none",0,0
"712460","none",0,0
"712461","none",0,0
"712462","none",0,0
"712463","none",0,0
"712464","none",0,0
"712465","none",0,0
"712466","none",0,0
"712467","none",0,0
"712468","none",0,0
"712469","none",0,0
"712470","none",0,0
"712471","none",0,0
"712472","none",0,0
"712473","none",0,0
"712474","none",0,0
"712475","none",0,0
"712476","none",0,0
"712477","none",0,0
"712478","none",0,0
"712479","none",0,0
"712480","none",0,0
"712481","none",0,0
"712482","none",0,0
"712483","none",0,0
"712484","none",0,0
"712485","none",0,0
"712486","none",0,0
"712487","none",0,0
"712488","none",0,0
"712489","none",0,0
"712490","none",0,0
"712491","none",0,0
"712492","none",0,0
"712493","none",0,0
"712494","none",0,0
"712495","none",0,0
"712496","none",0,0
"712497","none",0,0
"712498","none",0,0
"712499","none",0,0
"712500","none",0,0
"712501","none",0,0
"712502","none",0,0
"712503","none",0,0
"712504","none",0,0
"712505","none",0,0
"712506","none",0,0
"712507","none",0,0
"712508","none",0,0
"712509","none",0,0
"712510","none",0,0
"712511","none",0,0
"712512","none",0,0
"712513","none",0,0
"712514","none",0,0
"712515","none",0,0
"712516","none",0,0
"712517","none",0,0
"712518","none",0,0
"712519","none",0,0
"712520","none",0,0
"712521","none",0,0
"712522","none",0,0
"712523","none",0,0
"712524","none",0,0
"712525","none",0,0
"712526","none",0,0
"712527","none",0,0
"712528","none",0,0
"712529","none",0,0
"712530","none",0,0
"712531","none",0,0
"712532","none",0,0
"712533","none",0,0
"712534","none",0,0
"712535","none",0,0
"712536","none",0,0
"712537","none",0,0
"712538","none",0,0
"712539","none",0,0
"712540","none",0,0
"712541","none",0,0
"712542","none",0,0
"712543","none",0,0
"712544","none",0,0
"712545","none",0,0
"712546","none",0,0
"712547","none",0,0
"712548","none",0,0
"712549","none",0,0
"712550","none",0,0
"712551","none",0,0
"712552","none",0,0
"712553","none",0,0
"712554","none",0,0
"712555","none",0,0
"712556","none",0,0
"712557","none",0,0
"712558","none",0,0
"712559","none",0,0
"712560","none",0,0
"712561","none",0,0
"712562","none",0,0
"712563","none",0,0
"712564","none",0,0
"712565","none",0,0
"712566","none",0,0
"712567","none",0,0
"712568","none",0,0
"712569","none",0,0
"712570","none",0,0
"712571","none",0,0
"712572","none",0,0
"712573","none",0,0
"712574","none",0,0
"723470","correlator",30,10
"723471","correlator",60,-10
"723472","none",0,0
"723473","correlator",10,-40
"723474","correlator",0,-60
"723475","none",0,0
"723476","none",0,0
"723477","correlator",100,340
"723478","correlator",-20,-60
"723479","none",0,0
"723480","none",0,0
"723481","correlator",50,20
"723482","none",0,0
"723483","correlator",-30,30
"723484","none",0,0
"723485","correlator",10,40
"723486","none",0,0
"723487","none",0,0
"723488","none",0,0
"723489","correlator",30,-50
"723490","none",0,0
"723491","none",0,0
"723492","none",0,0
"723493","correlator",-20,-90
"723494","none",0,0
"723495","none",0,0
"723533","none",0,0
"723534","none",0,0
"723535","none",0,0
"723536","none",0,0
"723537","none",0,0
"723538","none",0,0
"723539","none",0,0
"723540","none",0,0
"776558","none",0,0
"776559","none",0,0
"776560","none",0,0
"776561","none",0,0
"776562","none",0,0
"776563","none",0,0
"776564","none",0,0
"776565","none",0,0
"776566","none",0,0
"776567","none",0,0
"776568","none",0,0
"776569","none",0,0
"776570","none",0,0
"776571","none",0,0
"776572","none",0,0
"776573","none",0,0
"776574","none",0,0
"776575","none",0,0
"776576","none",0,0
"776577","none",0,0
"776578","none",0,0
"776579","none",0,0
"776580","none",0,0
"776581","none",0,0
"776582","none",0,0
"776583","none",0,0
"776584","none",0,0
"776585","none",0,0
"776586","none",0,0
"776587","none",0,0
"776588","none",0,0
"776589","none",0,0
"776590","none",0,0
"776591","none",0,0
"776592","none",0,0
"776593","none",0,0
"776594","none",0,0
"776595","none",0,0
"776596","none",0,0
"776597","none",0,0
"776598","none",0,0
"776599","none",0,0
"776600","none",0,0
"776601","none",0,0
"776602","none",0,0
"776603","none",0,0
"776604","none",0,0
"776605","correlator",40,-770
"776606","none",0,0
"776607","none",0,0
"776608","none",0,0
"776609","none",0,0
"776610","none",0,0
"776611","none",0,0
"776612","none",0,0
"776613","none",0,0
"776614","none",0,0
"776615","none",0,0
"776616","none",0,0
"776617","none",0,0
"776618","none",0,0
"776619","none",0,0
"776620","none",0,0
"776621","none",0,0
"776622","none",0,0
"776623","none",0,0
"776624","none",0,0
"776625","none",0,0
"776626","none",0,0
"776627","none",0,0
"776628","none",0,0
"776629","none",0,0
"776630","none",0,0
"776631","none",0,0
"776632","none",0,0
"776676","none",0,0
"776677","none",0,0
"776678","none",0,0
"776679","none",0,0
"776680","none",0,0
"776681","none",0,0
"776682","none",0,0
"776683","none",0,0
"776684","none",0,0
"776685","none",0,0
"776686","none",0,0
"776687","none",0,0
"776688","none",0,0
"776689","none",0,0
"776691","none",0,0
"776692","none",0,0
"776693","none",0,0
"776694","none",0,0
"776695","none",0,0
"776696","none",0,0
"776697","none",0,0
"776698","none",0,0
"776699","none",0,0
"776700","none",0,0
"776701","none",0,0
"776702","none",0,0
"776703","none",0,0
"777588","none",0,0
"777589","none",0,0
"777590","none",0,0
"777591","none",0,0
"777592","none",0,0
"777593","none",0,0
"777594","none",0,0
"777595","none",0,0
"777596","none",0,0
"777597","none",0,0
"777598","none",0,0
"777599","none",0,0
"777600","none",0,0
"777601","none",0,0
"777602","none",0,0
"777603","none",0,0
"777604","none",0,0
"777605","none",0,0
"777606","none",0,0
"777607","none",0,0
"777608","none",0,0
"777609","none",0,0
"777610","none",0,0
"777611","none",0,0
"777612","none",0,0
"777613","none",0,0
"777614","none",0,0
"789843","none",0,0
"789844","none",0,0
"789845","none",0,0
"789846","none",0,0
"789847","none",0,0
"789848","none",0,0
"789849","none",0,0
"789852","none",0,0
"789853","none",0,0
"789854","none",0,0
"789855","none",0,0
"789856","none",0,0
"789857","none",0,0
"789858","none",0,0
"789859","none",0,0
"789860","none",0,0
"789861","none",0,0
"789862","none",0,0
"789902","none",0,0
"789903","none",0,0
"789904","none",0,0
"789905","none",0,0
"789906","none",0,0
"789907","none",0,0
"789908","none",0,0
"789909","none",0,0
"789910","none",0,0
"789911","none",0,0
"789912","none",0,0
"789913","none",0,0
"789914","none",0,0
"789915","none",0,0
"789916","none",0,0
"789917","none",0,0
"789918","none",0,0
"789919","none",0,0
"789920","none",0,0
"789921","none",0,0
"789922","none",0,0
"789923","none",0,0
"789924","none",0,0
"789925","none",0,0
"789926","none",0,0
"789927","none",0,0
"789928","none",0,0
"789929","none",0,0
"789930","none",0,0
"789931","none",0,0
"789932","none",0,0
"789933","none",0,0
"789934","none",0,0
"789935","none",0,0
"789936","none",0,0
"789937","none",0,0
"789938","none",0,0
"789939","none",0,0
"789940","none",0,0
"789941","none",0,0
"789942","none",0,0
"789943","none",0,0
"789944","none",0,0
"789945","none",0,0
"789946","none",0,0
"789947","none",0,0
"789948","none",0,0
"789949","none",0,0
"789950","none",0,0
"789951","none",0,0
"789952","none",0,0
"789953","none",0,0
"789954","none",0,0
"789955","none",0,0
"789956","none",0,0
"789957","none",0,0
"789958","none",0,0
"789959","none",0,0
"789960","none",0,0
"789961","none",0,0
"789962","none",0,0
"789963","none",0,0
"789964","none",0,0
"789965","none",0,0
"789966","none",0,0
"789967","none",0,0
"789968","none",0,0
"789969","none",0,0
"789970","none",0,0
"789971","none",0,0
"789972","none",0,0
"789973","none",0,0
"789974","none",0,0
"789975","none",0,0
"789976","none",0,0
"789977","none",0,0
"789978","none",0,0
"789979","none",0,0
"789980","none",0,0
"789981","none",0,0
"789982","none",0,0
"789983","none",0,0
"789984","none",0,0
"789985","none",0,0
"789986","none",0,0
"789987","none",0,0
"789988","none",0,0
"789989","none",0,0
"789990","none",0,0
"789991","none",0,0
"789992","none",0,0
"789993","none",0,0
"789994","none",0,0
"789995","none",0,0
"789996","none",0,0
"789997","none",0,0
"789998","none",0,0
"789999","none",0,0
"790000","none",0,0
"790001","none",0,0
"790002","none",0,0
"790003","none",0,0
"790004","none",0,0
"790005","none",0,0
"790006","none",0,0
"790007","none",0,0
"790008","none",0,0
"790009","none",0,0
"790010","none",0,0
"790011","none",0,0
"790012","none",0,0
"790013","none",0,0
"790014","none",0,0
"790015","none",0,0
"790016","none",0,0
"790017","none",0,0
"790018","none",0,0
"790019","none",0,0
"790020","none",0,0
"790021","none",0,0
"790022","none",0,0
"790023","none",0,0
"790024","none",0,0
"790025","none",0,0
"790026","none",0,0
"790027","none",0,0
"790028","none",0,0
"790029","none",0,0
"790030","none",0,0
"790031","none",0,0
"790032","none",0,0
"790033","none",0,0
"790034","none",0,0
"790035","none",0,0
"790036","none",0,0
"790037","none",0,0
"790038","none",0,0
"790039","none",0,0
"790040","none",0,0
"790041","none",0,0
"790042","none",0,0
"790043","none",0,0
"790044","none",0,0
"790045","none",0,0
"790046","none",0,0
"790047","none",0,0
"790048","none",0,0
"790049","none",0,0
"790050","none",0,0
"790051","none",0,0
"790052","none",0,0
"790053","none",0,0
"790054","none",0,0
"790055","none",0,0
"790056","none",0,0
"790057","none",0,0
"790058","none",0,0
"790059","none",0,0
"790060","none",0,0
"790061","none",0,0
"790062","none",0,0
"790063","none",0,0
"790064","none",0,0
"790065","none",0,0
"790066","none",0,0
"790067","none",0,0
"790068","none",0,0
"790069","none",0,0
"790070","none",0,0
"790071","none",0,0
"790072","none",0,0
"790073","none",0,0
"790074","none",0,0
"790075","none",0,0
"790076","none",0,0
"790077","none",0,0
"790078","none",0,0
"790079","none",0,0
"790080","none",0,0
"790081","none",0,0
"790082","none",0,0
"790083","none",0,0
"790084","none",0,0
"790085","none",0,0
"790086","none",0,0
"790087","none",0,0
"790088","none",0,0
"790089","none",0,0
"790090","none",0,0
"790091","none",0,0
"790092","none",0,0
"790093","none",0,0
"790094","none",0,0
"790095","none",0,0
"790096","none",0,0
"790097","none",0,0
"790098","none",0,0
"790099","none",0,0
"790100","none",0,0
"790101","none",0,0
"790102","none",0,0
"790103","none",0,0
"790104","none",0,0
"790105","none",0,0
"790106","none",0,0
"790107","none",0,0
"790108","none",0,0
"790109","none",0,0
"790110","none",0,0
"790111","none",0,0
"790112","none",0,0
"790113","none",0,0
"790114","none",0,0
"790115","none",0,0
"790116","none",0,0
"790117","none",0,0
"790118","none",0,0
"790119","none",0,0
"790120","none",0,0
"790121","none",0,0
"790122","none",0,0
"790123","none",0,0
"790124","none",0,0
"790125","none",0,0
"790126","none",0,0
"790127","none",0,0
"790128","none",0,0
"790129","none",0,0
"790130","none",0,0
"790131","none",0,0
"790132","none",0,0
"790133","none",0,0
"790134","none",0,0
"790135","none",0,0
"790136","none",0,0
"790137","none",0,0
"790138","none",0,0
"790139","none",0,0
"790140","none",0,0
"790141","none",0,0
"790142","none",0,0
"790143","none",0,0
"790144","none",0,0
"790145","none",0,0
"790146","none",0,0
"790147","none",0,0
"790148","none",0,0
"790149","none",0,0
"790150","none",0,0
"790151","correlator",2380,-1030
"790152","correlator",1790,-960
"790153","correlator",1250,-710
"790154","correlator",690,-540
"790155","correlator",90,-400
"790156","none",0,0
"790157","none",0,0
"790158","none",0,0
"790159","none",0,0
"790160","none",0,0
"790161","none",0,0
"790162","none",0,0
"790163","none",0,0
"790164","none",0,0
"790165","none",0,0
"790166","none",0,0
"790167","none",0,0
"790168","none",0,0
"790169","none",0,0
"790170","none",0,0
"790171","none",0,0
"790172","none",0,0
"790173","none",0,0
"790174","none",0,0
"790175","none",0,0
"790176","none",0,0
"790177","none",0,0
"790178","none",0,0
"790179","none",0,0
"790180","none",0,0
"790181","none",0,0
"790211","none",0,0
"790212","none",0,0
"790213","none",0,0
"790214","none",0,0
"790215","none",0,0
"790216","none",0,0
"790217","none",0,0
"790218","none",0,0
"790219","none",0,0
"790220","none",0,0
"790221","none",0,0
"790222","none",0,0
"790223","none",0,0
"790224","none",0,0
"790225","none",0,0
"790226","none",0,0
"790227","none",0,0
"790228","none",0,0
"790229","none",0,0
"790230","none",0,0
"790231","none",0,0
"790232","none",0,0
"790233","none",0,0
"790234","none",0,0
"790235","none",0,0
"790236","none",0,0
"790237","none",0,0
"790238","none",0,0
"790239","none",0,0
"790240","none",0,0
"790241","none",0,0
"790242","none",0,0
"790243","none",0,0
"790244","none",0,0
"790245","none",0,0
"790246","none",0,0
"790247","none",0,0
"790248","none",0,0
"790249","none",0,0
"790250","none",0,0
"790251","none",0,0
"790252","correlator",10,-40
"790253","none",0,0
"790254","none",0,0
"790255","none",0,0
"790256","none",0,0
"790257","none",0,0
"790258","none",0,0
"790259","none",0,0
"790260","none",0,0
"790261","none",0,0
"790262","none",0,0
"790263","none",0,0
"790264","none",0,0
"790265","none",0,0
"790266","none",0,0
"790267","none",0,0
"790268","none",0,0
"790269","none",0,0
"790270","none",0,0
"790271","none",0,0
"790272","none",0,0
"790273","none",0,0
"790274","none",0,0
"790275","none",0,0
"790276","none",0,0
"790277","none",0,0
"790278","none",0,0
"790279","none",0,0
"790280","none",0,0
"790281","none",0,0
"790340","none",0,0
"790341","none",0,0
"790342","none",0,0
"790343","none",0,0
"790344","none",0,0
"790345","none",0,0
"790346","none",0,0
"790347","none",0,0
"790348","none",0,0
"790349","none",0,0
"790350","none",0,0
"790351","none",0,0
"790352","none",0,0
"790353","none",0,0
"790354","none",0,0
"790355","none",0,0
"790356","none",0,0
"790357","none",0,0
"790358","none",0,0
"790359","none",0,0
"790360","none",0,0
"790361","none",0,0
"790362","none",0,0
"790363","none",0,0
"790364","none",0,0
"790365","none",0,0
"790366","none",0,0
"790367","none",0,0
"790368","none",0,0
"790369","none",0,0
"790370","none",0,0
"790371","none",0,0
"790372","none",0,0
"790373","none",0,0
"790374","none",0,0
"790375","none",0,0
"790376","none",0,0
"790377","none",0,0
"790378","none",0,0
"790379","none",0,0
"790380","none",0,0
"790381","none",0,0
"790382","none",0,0
"790383","none",0,0
"790384","none",0,0
"790385","none",0,0
"790386","none",0,0
"790387","none",0,0
"790388","none",0,0
"790389","none",0,0
"790390","none",0,0
"790391","none",0,0
"790392","none",0,0
"790393","none",0,0
"790394","none",0,0
"790395","none",0,0
"790396","none",0,0
"790397","none",0,0
"790398","none",0,0
"790399","none",0,0
"790400","none",0,0
"790401","none",0,0
"790402","none",0,0
"790403","none",0,0
"790404","none",0,0
"790405","none",0,0
"790406","none",0,0
"790407","none",0,0
"790408","none",0,0
"790409","none",0,0
"790410","none",0,0
"790411","none",0,0
"790412","none",0,0
"790413","none",0,0
"790414","none",0,0
"790415","none",0,0
"790416","none",0,0
"790417","none",0,0
"790418","none",0,0
"790419","none",0,0
"790420","none",0,0
"790421","none",0,0
"790422","none",0,0
"790423","none",0,0
"790424","none",0,0
"790425","none",0,0
"790426","none",0,0
"790427","none",0,0
"790428","none",0,0
"790429","none",0,0
"790430","none",0,0
"790431","none",0,0
"790432","none",0,0
"790433","none",0,0
"790434","none",0,0
"790435","none",0,0
"790436","none",0,0
"790437","none",0,0
"790438","none",0,0
"790439","none",0,0
"790440","none",0,0
"790441","none",0,0
"790442","none",0,0
"790443","none",0,0
"790444","none",0,0
"790445","none",0,0
"790446","none",0,0
"790447","none",0,0
"790448","none",0,0
"790449","none",0,0
"790450","none",0,0
"790451","none",0,0
"790452","none",0,0
"790453","none",0,0
"790454","none",0,0
"790455","none",0,0
"790456","none",0,0
"790457","none",0,0
"790458","none",0,0
"790460","none",0,0
"790461","none",0,0
"790462","none",0,0
"790463","none",0,0
"790464","none",0,0
"790465","none",0,0
"790466","none",0,0
"790467","none",0,0
"790468","none",0,0
"790469","none",0,0
"790470","none",0,0
"790471","none",0,0
"790472","none",0,0
"790473","none",0,0
"790474","none",0,0
"790475","none",0,0
"790476","none",0,0
"790477","none",0,0
"790478","none",0,0
"790479","none",0,0
"790480","none",0,0
"790481","none",0,0
"790482","none",0,0
"790483","none",0,0
"790484","none",0,0
"790485","none",0,0
"790486","none",0,0
"790487","none",0,0
"790488","none",0,0
"790489","none",0,0
"790490","none",0,0
"790491","none",0,0
"790492","none",0,0
"790493","none",0,0
"790494","none",0,0
"790495","none",0,0
"790496","none",0,0
"790497","none",0,0
"790498","none",0,0
"790499","none",0,0
"790500","none",0,0
"790501","none",0,0
"790502","none",0,0
"790503","none",0,0
"790504","none",0,0
"790505","none",0,0
"790506","none",0,0
"790507","none",0,0
"790508","none",0,0
"790509","none",0,0
"790510","none",0,0
"790511","none",0,0
"790512","none",0,0
"790513","none",0,0
"790514","none",0,0
"790515","none",0,0
"790516","none",0,0
"790517","none",0,0
"790518","none",0,0
"790519","none",0,0
"790520","none",0,0
"819855","none",0,0
"819856","none",0,0
"819857","none",0,0
"819858","none",0,0
"819859","none",0,0
"819860","none",0,0
"819861","none",0,0
"819862","none",0,0
"819863","none",0,0
"819864","correlator",380,-400
"819865","correlator",840,-340
"819866","correlator",1250,-300
"819867","correlator",1700,-270
"819868","correlator",2230,-260
"819869","none",0,0
"819870","none",0,0
"819871","none",0,0
"819872","none",0,0
"819873","none",0,0
"819874","none",0,0
"819875","none",0,0
"819876","none",0,0
"819877","none",0,0
"819878","none",0,0
"819879","none",0,0
"819880","none",0,0
"819881","none",0,0
"819882","none",0,0
"819883","none",0,0
"819884","none",0,0
"819885","none",0,0
"819886","none",0,0
"819887","none",0,0
"819888","none",0,0
"819889","none",0,0
"819890","none",0,0
"819891","none",0,0
"819892","none",0,0
"819893","none",0,0
"819894","none",0,0
"819895","none",0,0
"819896","none",0,0
"819897","none",0,0
"819898","none",0,0
"819899","none",0,0
"819900","none",0,0
"819901","none",0,0
"819902","none",0,0
"819903","none",0,0
"819904","none",0,0
"819905","none",0,0
"819906","none",0,0
"819907","none",0,0
"819908","none",0,0
"819909","none",0,0
"819910","none",0,0
"819911","none",0,0
"819912","none",0,0
"819913","none",0,0
"819914","none",0,0
"819915","none",0,0
"819916","none",0,0
"819917","none",0,0
"819918","none",0,0
"819919","none",0,0
"819920","none",0,0
"819921","none",0,0
"819922","none",0,0
"819923","none",0,0
"819924","none",0,0
"819925","none",0,0
"819926","none",0,0
"819927","none",0,0
"819928","none",0,0
"819929","correlator",-100,30
"819930","correlator",20,-50
"819931","none",0,0
"819932","none",0,0
"819933","none",0,0
"819934","none",0,0
"819935","none",0,0
"819936","none",0,0
"819937","none",0,0
"819938","none",0,0
"819939","none",0,0
"819940","none",0,0
"819941","correlator",-130,300
"819942","none",0,0
"819943","none",0,0
"819944","none",0,0
"819945","none",0,0
"819946","none",0,0
"819947","none",0,0
"819948","none",0,0
"819949","none",0,0
"819950","none",0,0
"819951","none",0,0
"819952","none",0,0
"819953","none",0,0
"819954","none",0,0
"819955","none",0,0
"819956","none",0,0
"819957","none",0,0
"819958","none",0,0
"819959","none",0,0
"819960","none",0,0
"819961","none",0,0
"819962","none",0,0
"819963","none",0,0
"819988","none",0,0
"819989","none",0,0
"819990","none",0,0
"819991","none",0,0
"819992","none",0,0
"819993","none",0,0
"819994","none",0,0
"819995","none",0,0
"819996","none",0,0
"819997","none",0,0
"819998","none",0,0
"819999","none",0,0
"820000","none",0,0
"820001","none",0,0
"820002","none",0,0
"820003","none",0,0
"820004","none",0,0
"820005","none",0,0
"820006","none",0,0
"820007","none",0,0
"820008","none",0,0
"820009","none",0,0
"820010","none",0,0
"820011","none",0,0
"820012","none",0,0
"820013","none",0,0
"820014","none",0,0
"820015","none",0,0
"820016","none",0,0
"820017","none",0,0
"820018","none",0,0
"820019","none",0,0
"820020","none",0,0
"820021","none",0,0
"820022","none",0,0
"820023","none",0,0
"820024","none",0,0
"820025","none",0,0
"820026","none",0,0
"820027","none",0,0
"820028","none",0,0
"820029","none",0,0
"820030","none",0,0
"820031","none",0,0
"820032","none",0,0
"820033","none",0,0
"820034","none",0,0
"820063","none",0,0
"820064","none",0,0
"820065","none",0,0
"840845","none",0,0
"840846","none",0,0
"840847","none",0,0
"840848","none",0,0
"840849","none",0,0
"840850","correlator",-120,-310
"840851","none",0,0
"840852","correlator",-110,-320
"840853","correlator",-100,-290
"840854","correlator",-60,-300
"840855","none",0,0
"840856","none",0,0
"840857","none",0,0
"840858","none",0,0
"840859","none",0,0
"840860","none",0,0
"840861","none",0,0
"840862","none",0,0
"840863","none",0,0
"840864","none",0,0
"840865","none",0,0
"840866","none",0,0
"840867","none",0,0
"840868","none",0,0
"840869","none",0,0
"840870","none",0,0
"840871","none",0,0
"840872","none",0,0
"840873","none",0,0
"840874","none",0,0
"840875","none",0,0
"840876","none",0,0
"840877","none",0,0
"840878","none",0,0
"840879","none",0,0
"840880","none",0,0
"840881","none",0,0
"840882","none",0,0
"840883","none",0,0
"840884","none",0,0
"840885","none",0,0
"840886","none",0,0
"840887","none",0,0
"840888","none",0,0
"840889","none",0,0
"840890","none",0,0
"840891","none",0,0
"840892","none",0,0
"840893","none",0,0
"840894","none",0,0
"840895","none",0,0
"840896","none",0,0
"840897","none",0,0
"840898","none",0,0
"840899","none",0,0
"840900","none",0,0
"840901","none",0,0
"840902","none",0,0
"840903","none",0,0
"840904","none",0,0
"840905","none",0,0
"840906","none",0,0
"840907","none",0,0
"840908","none",0,0
"840909","none",0,0
"840910","none",0,0
"840911","none",0,0
"840912","none",0,0
"840913","correlator",760,60
"840914","none",0,0
"840915","none",0,0
"840916","none",0,0
"840917","none",0,0
"840918","none",0,0
"840919","correlator",-210,40
"840920","none",0,0
"840921","none",0,0
"840922","none",0,0
"840923","none",0,0
"840924","none",0,0
"840925","none",0,0
"840926","none",0,0
"840927","none",0,0
"840928","none",0,0
"840929","none",0,0
"840930","none",0,0
"840931","none",0,0
"840932","none",0,0
"840933","none",0,0
"840934","none",0,0
"840935","none",0,0
"840936","none",0,0
"840937","none",0,0
"840938","none",0,0
"840939","none",0,0
"849570","none",0,0
"849571","none",0,0
"849572","none",0,0
"849573","none",0,0
"849574","none",0,0
"849575","none",0,0
"849576","none",0,0
"849577","none",0,0
"849578","none",0,0
"849579","none",0,0
"849580","none",0,0
"849581","none",0,0
"849582","none",0,0
"887504","none",0,0
"887505","none",0,0
"887506","none",0,0
"887507","none",0,0
"887508","none",0,0
"887509","none",0,0
"887510","none",0,0
"887511","none",0,0
"887512","none",0,0
"887513","none",0,0
"887514","none",0,0
"887515","none",0,0
"887516","none",0,0
"887517","none",0,0
"887518","none",0,0
"887519","none",0,0
"887520","none",0,0
"887521","none",0,0
"887522","none",0,0
"887523","none",0,0
"887524","none",0,0
"887525","none",0,0
"887526","none",0,0
"887527","none",0,0
"887528","none",0,0
"887529","none",0,0
"887530","none",0,0
"887531","none",0,0
"887532","none",0,0
"887533","none",0,0
"887534","none",0,0
"887535","none",0,0
"887536","none",0,0
"887537","none",0,0
"887538","none",0,0
"887539","none",0,0
"887540","none",0,0
"887541","none",0,0
"887542","none",0,0
"887543","none",0,0
"887544","none",0,0
"887545","none",0,0
"887546","none",0,0
"887547","none",0,0
"887548","none",0,0
"887549","none",0,0
"887550","none",0,0
"887551","none",0,0
"887552","none",0,0
"887553","none",0,0
"887554","none",0,0
"887555","none",0,0
"887556","none",0,0
"887557","none",0,0
"887558","none",0,0
"887559","none",0,0
"887560","none",0,0
"887561","none",0,0
"887562","none",0,0
"887563","none",0,0
"887564","none",0,0
"887565","none",0,0
"887571","none",0,0
"887572","none",0,0
"887573","none",0,0
"887574","none",0,0
"887575","none",0,0
"887576","none",0,0
"887577","none",0,0
"887578","none",0,0
"887579","none",0,0
"887580","none",0,0
"887581","none",0,0
"887582","none",0,0
"887583","none",0,0
"887584","none",0,0
"887585","none",0,0
"887586","none",0,0
"887587","none",0,0
"887588","none",0,0
"887589","none",0,0
"887590","none",0,0
"887591","none",0,0
"887592","none",0,0
"887593","none",0,0
"887594","none",0,0
"887595","none",0,0
"887596","none",0,0
"887597","none",0,0
"887598","none",0,0
"887599","none",0,0
"887600","none",0,0
"887601","none",0,0
"887602","none",0,0
"887603","none",0,0
"887604","none",0,0
"887605","none",0,0
"887606","none",0,0
"887609","none",0,0
"887610","none",0,0
"887611","none",0,0
"887612","none",0,0
"887613","none",0,0
"887614","none",0,0
"887615","none",0,0
"887616","none",0,0
"887617","none",0,0
"887618","none",0,0
"887619","none",0,0
"887620","none",0,0
"887621","none",0,0
"887622","none",0,0
"887623","none",0,0
"887624","none",0,0
"887625","none",0,0
"887626","none",0,0
"887627","none",0,0
"887628","none",0,0
"887629","none",0,0
"887630","none",0,0
"887631","none",0,0
"887632","none",0,0
"887647","none",0,0
"887648","none",0,0
"887649","none",0,0
"887650","none",0,0
"887651","none",0,0
"887652","none",0,0
"887653","none",0,0
"887654","none",0,0
"887655","none",0,0
"888842","none",0,0
"888843","none",0,0
"888844","none",0,0
"888845","none",0,0
"888846","none",0,0
"888847","none",0,0
"888848","none",0,0
"888849","none",0,0
"888850","none",0,0
"888851","none",0,0
"888852","none",0,0
"888853","none",0,0
"888854","none",0,0
"888855","none",0,0
"888856","none",0,0
"888857","none",0,0
"888858","none",0,0
"888859","none",0,0
"888860","none",0,0
"888861","none",0,0
"888862","none",0,0
"888863","none",0,0
"888864","none",0,0
"888865","none",0,0
"888866","none",0,0
"888867","none",0,0
"888868","none",0,0
"888869","none",0,0
"888870","none",0,0
"888871","none",0,0
"888872","none",0,0
"888873","none",0,0
"888874","none",0,0
"888875","none",0,0
"888876","none",0,0
"888877","none",0,0
"888878","none",0,0
"888879","none",0,0
"888880","none",0,0
"888881","none",0,0
"888882","none",0,0
"888883","none",0,0
"888884","none",0,0
"888885","none",0,0
"888886","none",0,0
"888887","none",0,0
"888888","none",0,0
"888889","none",0,0
"888890","none",0,0
"888891","none",0,0
"888892","none",0,0
"888893","none",0,0
"888894","none",0,0
"888895","none",0,0
"888896","none",0,0
"888897","none",0,0
"932287","none",0,0
"932288","none",0,0
"932289","none",0,0
"932290","none",0,0
"932291","none",0,0
"932292","none",0,0
"932293","none",0,0
"932294","none",0,0
"932295","none",0,0
"932296","none",0,0
"932297","none",0,0
"932298","none",0,0
"932299","none",0,0
"932300","none",0,0
"932301","none",0,0
"932302","none",0,0
"932303","none",0,0
"932304","none",0,0
"932305","none",0,0
"932306","none",0,0
"932307","none",0,0
"932308","none",0,0
"932309","none",0,0
"932310","none",0,0
"932311","none",0,0
"932312","none",0,0
"932313","none",0,0
"932314","none",0,0
"932315","none",0,0
"932316","none",0,0
"932317","none",0,0
"932318","none",0,0
"932319","none",0,0
"932320","none",0,0
"932321","none",0,0
"932322","none",0,0
"932323","none",0,0
"932324","none",0,0
"932325","none",0,0
"932326","none",0,0
"932327","none",0,0
"932328","none",0,0
"932329","none",0,0
"932330","none",0,0
"932331","none",0,0
"932332","none",0,0
"932333","none",0,0
"932334","none",0,0
"932335","none",0,0
"932336","none",0,0
"932337","none",0,0
"932338","none",0,0
"932339","none",0,0
"932340","none",0,0
"932341","none",0,0
"932342","none",0,0
"932343","none",0,0
"932344","none",0,0
"932345","none",0,0
"932346","none",0,0
"932347","none",0,0
"932348","none",0,0
"932349","none",0,0
"932350","none",0,0
"932351","none",0,0
"932352","none",0,0
"932353","none",0,0
"932354","none",0,0
"932355","none",0,0
"932356","none",0,0
"932357","none",0,0
"932358","none",0,0
"932359","none",0,0
"932360","none",0,0
"932361","none",0,0
"932362","none",0,0
"932363","none",0,0
"932364","none",0,0
"932365","none",0,0
"932366","none",0,0
"932367","none",0,0
"932368","none",0,0
"932369","none",0,0
"932370","none",0,0
"932371","none",0,0
"932372","none",0,0
"932373","none",0,0
"932374","none",0,0
"932375","none",0,0
"932376","none",0,0
"932377","none",0,0
"932378","none",0,0
"932379","none",0,0
"932380","none",0,0
"932381","none",0,0
"932382","none",0,0
"932383","none",0,0
"932384","none",0,0
"932385","none",0,0
"932386","none",0,0
"932387","none",0,0
"932388","none",0,0
"932389","none",0,0
"932390","none",0,0
"932391","none",0,0
"932392","none",0,0
"932393","none",0,0
"932394","none",0,0
"932395","none",0,0
"932396","none",0,0
"932397","none",0,0
"932398","none",0,0
"932399","none",0,0
"932400","correlator",-40,-180
"932401","correlator",-40,-290
"932402","correlator",0,-380
"932403","correlator",0,-440
"932404","none",0,0
"932405","none",0,0
"932406","none",0,0
"932407","none",0,0
"932408","none",0,0
"932409","none",0,0
"932410","none",0,0
"932411","none",0,0
"932412","none",0,0
"932413","none",0,0
"932414","none",0,0
"932415","none",0,0
"932416","none",0,0
"932417","none",0,0
"932418","none",0,0
"932419","none",0,0
"932420","none",0,0
"932421","none",0,0
"932422","none",0,0
"932423","none",0,0
"932424","none",0,0
"932425","none",0,0
"932426","none",0,0
"932427","none",0,0
"932428","none",0,0
"932429","none",0,0
"932430","none",0,0
"932431","none",0,0
"932432","none",0,0
"932433","none",0,0
"932434","none",0,0
"932435","none",0,0
"932436","none",0,0
"932437","none",0,0
"932438","none",0,0
"932439","none",0,0
"932440","none",0,0
"932441","none",0,0
"932442","none",0,0
"932443","none",0,0
"932444","none",0,0
"932445","none",0,0
"932446","none",0,0
"932447","none",0,0
"932448","none",0,0
"932449","none",0,0
"932450","none",0,0
"932451","none",0,0
"932452","none",0,0
"932453","none",0,0
"932454","none",0,0
"932455","none",0,0
"932456","none",0,0
"932457","none",0,0
"932458","none",0,0
"932459","none",0,0
"932460","none",0,0
"932461","none",0,0
"932462","none",0,0
"932463","none",0,0
"932464","none",0,0
"932465","none",0,0
"932466","none",0,0
"932467","none",0,0
"932468","none",0,0
"932469","none",0,0
"932470","none",0,0
"932471","none",0,0
"932472","none",0,0
"932473","none",0,0
"932474","none",0,0
"932475","none",0,0
"932476","none",0,0
"932477","none",0,0
"932478","none",0,0
"932479","none",0,0
"932480","none",0,0
"932481","none",0,0
"932482","none",0,0
"932483","none",0,0
"932484","none",0,0
"932485","none",0,0
"932486","none",0,0
"932487","none",0,0
"932488","none",0,0
"932489","none",0,0
"932490","none",0,0
"932491","none",0,0
"932492","none",0,0
"932493","none",0,0
"932494","none",0,0
"932495","none",0,0
"932496","none",0,0
"932497","none",0,0
"932498","none",0,0
"932499","none",0,0
"932500","none",0,0
"932501","none",0,0
"932502","none",0,0
"932503","none",0,0
"932504","none",0,0
"932505","none",0,0
"932506","none",0,0
"932507","none",0,0
"932508","none",0,0
"932509","none",0,0
"932510","none",0,0
"932511","none",0,0
"932512","none",0,0
"932513","none",0,0
"932514","none",0,0
"932515","none",0,0
"932516","none",0,0
"932517","none",0,0
"932518","none",0,0
"932519","none",0,0
"932520","none",0,0
"932521","none",0,0
"932522","none",0,0
"932523","none",0,0
"932524","none",0,0
"932525","none",0,0
"932526","none",0,0
"932527","none",0,0
"932528","none",0,0
"932529","none",0,0
"932530","none",0,0
"932531","none",0,0
"932532","none",0,0
"932533","none",0,0
"932535","none",0,0
"932536","none",0,0
"932537","none",0,0
"932538","none",0,0
"932539","none",0,0
"932540","none",0,0
"932541","none",0,0
"932542","none",0,0
"932543","none",0,0
"932544","none",0,0
"932545","none",0,0
"932546","none",0,0
"932547","none",0,0
"932548","none",0,0
"932549","none",0,0
"932550","none",0,0
"932551","none",0,0
"932552","none",0,0
"932553","none",0,0
"932554","none",0,0
"932555","none",0,0
"932556","none",0,0
"932557","none",0,0
"932558","none",0,0
"932559","none",0,0
"932560","none",0,0
"932561","none",0,0
"932562","none",0,0
"932563","none",0,0
"932564","none",0,0
"932565","none",0,0
"932566","none",0,0
"932567","none",0,0
"932568","none",0,0
"932569","none",0,0
"932570","none",0,0
"932571","none",0,0
"932572","none",0,0
"932573","none",0,0
"932574","none",0,0
"932575","none",0,0
"932576","none",0,0
"932577","none",0,0
"932578","none",0,0
"932579","none",0,0
"932580","none",0,0
"932581","none",0,0
"932582","none",0,0
"932583","none",0,0
"932584","none",0,0
"932585","none",0,0
"932586","none",0,0
"932587","none",0,0
"932588","none",0,0
"932589","none",0,0
"932590","none",0,0
"932591","none",0,0
"932592","none",0,0
"932593","none",0,0
"932594","none",0,0
"932595","none",0,0
"932596","none",0,0
"932597","none",0,0
"932598","none",0,0
"932599","none",0,0
"932600","none",0,0
"932601","none",0,0
"932602","none",0,0
"932603","none",0,0
"932604","none",0,0
"932605","none",0,0
"932606","none",0,0
"932607","none",0,0
"932608","none",0,0
"932609","none",0,0
"932610","none",0,0
"932611","none",0,0
"932612","none",0,0
"932613","none",0,0
"932614","none",0,0
"932615","none",0,0
"932616","none",0,0
"932617","none",0,0
"932618","none",0,0
"932619","none",0,0
"932620","none",0,0
"932621","none",0,0
"932622","none",0,0
"932623","none",0,0
"932624","none",0,0
"932625","none",0,0
"932626","none",0,0
"932627","none",0,0
"932628","none",0,0
"932629","none",0,0
"932630","none",0,0
"932631","none",0,0
"932632","none",0,0
"932633","none",0,0
"932634","none",0,0
"932635","none",0,0
"932636","none",0,0
"932637","none",0,0
"932638","none",0,0
"932639","none",0,0
"932640","none",0,0
"932641","none",0,0
"932642","none",0,0
"932643","none",0,0
"932644","none",0,0
"932645","none",0,0
"932646","none",0,0
"932647","none",0,0
"932648","none",0,0
"932649","none",0,0
"932650","none",0,0
"932651","none",0,0
"932652","none",0,0
"932653","none",0,0
"932654","none",0,0
"932655","none",0,0
"932656","none",0,0
"932657","none",0,0
"932658","none",0,0
"932659","none",0,0
"932660","none",0,0
"932661","none",0,0
"932662","none",0,0
"932663","none",0,0
"932664","none",0,0
"932665","none",0,0
"932666","none",0,0
"932667","none",0,0
"932668","none",0,0
"932669","none",0,0
"932670","none",0,0
"932671","none",0,0
"932672","none",0,0
"932673","none",0,0
"932674","none",0,0
"932675","none",0,0
"932676","none",0,0
"932677","none",0,0
"932678","none",0,0
"932679","none",0,0
"932680","none",0,0
"932681","none",0,0
"932682","none",0,0
"932683","none",0,0
"932684","none",0,0
"932685","none",0,0
"932686","none",0,0
"932687","none",0,0
"932688","none",0,0
"932689","none",0,0
"932690","none",0,0
"932691","none",0,0
"932692","none",0,0
"932693","none",0,0
"932694","none",0,0
"932695","none",0,0
"932696","none",0,0
"932697","none",0,0
"932698","none",0,0
"932699","none",0,0
"932700","none",0,0
"932701","none",0,0
"932702","none",0,0
"932703","none",0,0
"932704","none",0,0
"932705","none",0,0
"932706","none",0,0
"932707","none",0,0
"932708","none",0,0
"932709","none",0,0
"932710","none",0,0
"932711","none",0,0
"932712","none",0,0
"932713","none",0,0
"932714","none",0,0
"932715","none",0,0
"932716","none",0,0
"932717","none",0,0
"932718","none",0,0
"932719","none",0,0
"932720","none",0,0
"932721","none",0,0
"932722","none",0,0
"932723","none",0,0
"932724","none",0,0
"932725","none",0,0
"932726","none",0,0
"932727","none",0,0
"932728","none",0,0
"932729","none",0,0
"932730","none",0,0
"932731","none",0,0
"932732","none",0,0
"932733","none",0,0
"932734","none",0,0
"932735","none",0,0
"932736","none",0,0
"932737","none",0,0
"932738","none",0,0
"932739","none",0,0
"932740","none",0,0
"932741","none",0,0
"932742","none",0,0
"932743","none",0,0
"932744","none",0,0
"932745","none",0,0
"932746","none",0,0
"932747","none",0,0
"932748","none",0,0
"932749","none",0,0
"932750","none",0,0
"932751","none",0,0
"932752","none",0,0
"932753","none",0,0
"932754","none",0,0
"932755","none",0,0
"932756","none",0,0
"932757","none",0,0
"932758","none",0,0
"932759","none",0,0
"932760","none",0,0
"932761","none",0,0
"932762","none",0,0
"932763","none",0,0
"932764","none",0,0
"932765","none",0,0
"932766","none",0,0
"932767","none",0,0
"932768","none",0,0
"932769","none",0,0
"932770","none",0,0
"932771","none",0,0
"932772","none",0,0
"932773","none",0,0
"932774","none",0,0
"932775","none",0,0
"932776","none",0,0
"932777","none",0,0
"932778","none",0,0
"932779","none",0,0
"932780","none",0,0
"932781","none",0,0
"932782","none",0,0
"932783","none",0,0
"932784","none",0,0
"932785","none",0,0
"932786","none",0,0
"932787","none",0,0
"932788","none",0,0
"932789","none",0,0
"932790","none",0,0
"932791","none",0,0
"932792","none",0,0
"932793","none",0,0
"932794","none",0,0
"932795","none",0,0
"932796","none",0,0
"932797","none",0,0
"932798","none",0,0
"932799","none",0,0
"932800","none",0,0
"932801","none",0,0
"932802","none",0,0
"932803","none",0,0
"932804","none",0,0
"932805","none",0,0
"932806","none",0,0
"932807","none",0,0
"932808","none",0,0
"932809","none",0,0
"932810","none",0,0
"932811","none",0,0
"932812","none",0,0
"932813","none",0,0
"932814","none",0,0
"932815","none",0,0
"932816","none",0,0
"932817","none",0,0
"932818","none",0,0
"932819","none",0,0
"932820","none",0,0
"932821","none",0,0
"932822","none",0,0
"932823","none",0,0
"932824","none",0,0
"932825","none",0,0
"932826","none",0,0
"932827","none",0,0
"932828","none",0,0
"932829","none",0,0
"932830","none",0,0
"932831","none",0,0
"932832","none",0,0
"932833","none",0,0
"932834","none",0,0
"932835","none",0,0
"932836","none",0,0
"932837","none",0,0
"932838","none",0,0
"932839","none",0,0
"932840","none",0,0
"932841","none",0,0
"932842","none",0,0
"932843","none",0,0
"932844","none",0,0
"932845","none",0,0
"932846","none",0,0
"932847","none",0,0
"932848","none",0,0
"932849","none",0,0
"932850","none",0,0
"932851","none",0,0
"932852","none",0,0
"932853","none",0,0
"932854","none",0,0
"932855","none",0,0
"932856","none",0,0
"932857","none",0,0
"932858","none",0,0
"932859","none",0,0
"932860","none",0,0
"932861","none",0,0
"932862","none",0,0
"932863","none",0,0
"932864","none",0,0
"932865","none",0,0
"932866","none",0,0
"932867","none",0,0
"932868","none",0,0
"932869","none",0,0
"932870","none",0,0
"932871","none",0,0
"932872","none",0,0
"932873","none",0,0
"932874","none",0,0
"932875","none",0,0
"932876","none",0,0
"932877","none",0,0
"932878","none",0,0
"932879","none",0,0
"932880","none",0,0
"932881","none",0,0
"932882","none",0,0
"932883","none",0,0
"932884","none",0,0
"932885","none",0,0
"932886","none",0,0
"932887","none",0,0
"932888","none",0,0
"932889","none",0,0
"932890","none",0,0
"932891","none",0,0
"932892","none",0,0
"932893","none",0,0
"932894","none",0,0
"932895","none",0,0
"932896","none",0,0
"932897","none",0,0
"932898","none",0,0
"932899","none",0,0
"932900","none",0,0
"932901","none",0,0
"932902","none",0,0
"932903","none",0,0
"932904","none",0,0
"932905","none",0,0
"932906","none",0,0
"932907","none",0,0
"932908","none",0,0
"932909","none",0,0
"932910","none",0,0
"932911","none",0,0
"932912","none",0,0
"932913","none",0,0
"932914","none",0,0
"932915","none",0,0
"932916","none",0,0
"932917","none",0,0
"932918","none",0,0
"932919","none",0,0
"932920","none",0,0
"932921","none",0,0
"932922","none",0,0
"932923","none",0,0
"932924","none",0,0
"932925","none",0,0
"932926","none",0,0
"932927","none",0,0
"932928","none",0,0
"932929","none",0,0
"932930","none",0,0
"932931","none",0,0
"932932","none",0,0
"932933","none",0,0
"932934","none",0,0
"932935","none",0,0
"932936","none",0,0
"932937","none",0,0
"932938","none",0,0
"932939","none",0,0
"932940","none",0,0
"932941","none",0,0
"932942","none",0,0
"932943","none",0,0
"932944","none",0,0
"932945","none",0,0
"932946","none",0,0
"932947","none",0,0
"932948","none",0,0
"932949","none",0,0
"932950","none",0,0
"932951","none",0,0
"932952","none",0,0
"932953","none",0,0
"932954","none",0,0
"932955","none",0,0
"932956","none",0,0
"932957","none",0,0
"932958","none",0,0
"932959","none",0,0
"932960","none",0,0
"932961","none",0,0
"932962","none",0,0
"932963","none",0,0
"932964","none",0,0
"932965","none",0,0
"932966","none",0,0
"932967","none",0,0
"932968","none",0,0
"932969","none",0,0
"932970","none",0,0
"932971","none",0,0
"932972","none",0,0
"932973","none",0,0
"932974","none",0,0
"932975","none",0,0
"932976","correlator",-230,-620
"932977","none",0,0
"932978","none",0,0
"932979","correlator",-140,-500
"932980","none",0,0
"932981","none",0,0
"932982","none",0,0
"932983","none",0,0
"932984","none",0,0
"932985","none",0,0
"932986","none",0,0
"932987","none",0,0
"932988","none",0,0
"932989","none",0,0
"935608","none",0,0
"935609","none",0,0
"935610","none",0,0
"935611","none",0,0
"935612","none",0,0
"935613","none",0,0
"935614","none",0,0
"935615","none",0,0
"935616","none",0,0
"935617","none",0,0
"935618","none",0,0
"935619","none",0,0
"935620","none",0,0
"935621","none",0,0
"935622","none",0,0
"935623","none",0,0
"943780","correlator",-310,-180
"943781","correlator",-230,-120
"943782","none",0,0
"943783","none",0,0
"943784","none",0,0
"943785","none",0,0
"943786","none",0,0
"943787","none",0,0
"943788","none",0,0
"943789","none",0,0
"943790","none",0,0
"943791","none",0,0
"943792","none",0,0
"943793","none",0,0
"943794","none",0,0
"943795","none",0,0
"943796","none",0,0
"943797","none",0,0
"943798","none",0,0
"943799","none",0,0
"943800","none",0,0
"943801","none",0,0
"943802","none",0,0
"943803","none",0,0
"943804","none",0,0
"943805","none",0,0
"943806","none",0,0
"943807","none",0,0
"943808","none",0,0
"943809","none",0,0
"943810","none",0,0
"943811","none",0,0
"943812","none",0,0
"943813","none",0,0
"943814","none",0,0
"943815","none",0,0
"943816","none",0,0
"943817","none",0,0
"943818","none",0,0
"943819","none",0,0
"943820","none",0,0
"943821","none",0,0
"943822","none",0,0
"943823","correlator",60,50
"943824","correlator",-10,10
"943825","none",0,0
"943826","none",0,0
"943827","none",0,0
"943828","none",0,0
"943829","none",0,0
"943830","none",0,0
"943831","none",0,0
"943832","none",0,0
"943833","none",0,0
"943834","none",0,0
"943835","none",0,0
"943836","none",0,0
"943837","none",0,0
"943838","none",0,0
"943839","none",0,0
"943840","none",0,0
"943841","none",0,0
"943842","none",0,0
"943843","none",0,0
"943844","none",0,0
"943845","none",0,0
"943846","none",0,0
"943847","none",0,0
"943848","none",0,0
"943849","none",0,0
"943850","none",0,0
"943851","none",0,0
"943852","none",0,0
"943853","none",0,0
"999666","none",0,0
"999667","none",0,0
"999668","none",0,0
"999669","none",0,0
"999670","none",0,0
"999671","none",0,0
"999672","none",0,0
"999673","none",0,0
"999674","none",0,0
"999675","none",0,0
"999676","none",0,0
"999677","none",0,0
"999678","none",0,0
"999679","none",0,0
"999680","none",0,0
"999681","none",0,0
"999682","none",0,0
"999683","none",0,0
"999684","none",0,0
"999685","none",0,0
"999686","none",0,0
"999687","none",0,0
"999688","none",0,0
"999689","none",0,0
"999690","none",0,0
"999691","none",0,0
"999692","none",0,0
"999693","none",0,0
"999694","none",0,0
"999695","none",0,0
"999696","none",0,0
"999697","none",0,0
"999698","none",0,0
"999699","none",0,0
"999700","none",0,0
"999701","none",0,0
"999702","none",0,0
"999703","none",0,0
"999704","none",0,0
"999705","none",0,0
"999706","none",0,0
"999707","none",0,0
"999708","none",0,0
"999709","none",0,0
"999710","none",0,0
"999711","none",0,0
"999712","none",0,0
"999713","none",0,0
"999714","none",0,0
"999715","none",0,0
"999716","none",0,0
"999717","none",0,0
"999718","none",0,0
"999719","none",0,0
"999720","none",0,0
"999721","none",0,0
"999722","none",0,0
"999723","none",0,0
"999724","none",0,0
"999725","none",0,0
"999726","none",0,0
"999727","none",0,0
"999728","none",0,0
"999729","none",0,0
"999730","none",0,0
"999731","none",0,0
"999732","none",0,0
"999733","none",0,0
"999734","none",0,0
"999735","none",0,0
"999736","none",0,0
"999737","none",0,0
"999738","none",0,0
"999739","none",0,0
"999740","none",0,0
"999741","none",0,0
"999742","none",0,0
"999743","none",0,0
"999744","none",0,0
"999745","none",0,0
"999746","none",0,0
"999747","none",0,0
"999748","none",0,0
"999749","none",0,0
"999750","none",0,0
"999751","none",0,0
"999752","none",0,0
"999753","none",0,0
"999754","none",0,0
"999755","none",0,0
"999756","none",0,0
"999757","none",0,0
"999758","none",0,0
"999759","none",0,0
"999760","none",0,0
"999761","none",0,0
"999762","none",0,0
"999763","none",0,0
"999764","none",0,0
"999765","none",0,0
"999766","none",0,0
"999767","none",0,0
"999768","none",0,0
"999769","none",0,0
"999770","none",0,0
"999771","none",0,0
"999772","none",0,0
"999773","none",0,0
"999774","none",0,0
"999775","none",0,0
"999776","none",0,0
"999777","none",0,0
"999778","none",0,0
"999779","none",0,0
"999780","none",0,0
"999781","none",0,0
"999782","none",0,0
"999783","none",0,0
"999784","none",0,0
"999785","none",0,0
"999786","none",0,0
"999787","none",0,0
"999788","none",0,0
"999789","none",0,0
"999790","none",0,0
"999791","none",0,0
"999792","none",0,0
"999793","none",0,0
"999794","none",0,0
"999795","none",0,0
"999796","none",0,0
"999797","none",0,0
"999798","none",0,0
"999799","none",0,0
"999800","none",0,0
"999801","none",0,0
"999802","none",0,0
"999803","none",0,0
"999804","none",0,0
"999805","none",0,0
"999806","none",0,0
"999807","none",0,0
"999808","none",0,0
"999809","none",0,0
"999810","none",0,0
"999811","none",0,0
"999812","none",0,0
"999813","none",0,0
"999814","none",0,0
"999815","none",0,0
"999816","none",0,0
"999817","none",0,0
"999818","none",0,0
"999819","none",0,0
"999820","none",0,0
"999821","none",0,0
"999822","none",0,0
"999823","none",0,0
"999824","none",0,0
"999825","none",0,0
"999826","none",0,0
"999827","none",0,0
"999828","none",0,0
"999829","none",0,0
"999830","none",0,0
"999831","none",0,0
"999832","none",0,0
"999833","none",0,0
"999834","none",0,0
"999835","none",0,0
"999836","none",0,0
"999837","none",0,0
"999838","none",0,0
"999839","none",0,0
"999840","none",0,0
"999841","none",0,0
"999842","none",0,0
"999843","none",0,0
"999844","none",0,0
"999845","none",0,0
"999846","none",0,0
"999847","none",0,0
"999848","none",0,0
"999849","none",0,0
"999850","none",0,0
"1038756","none",0,0
"1038757","none",0,0
"1038758","none",0,0
"1038759","none",0,0
"1038760","none",0,0
"1038761","none",0,0
"1038762","none",0,0
"1043401","none",0,0
"1043402","none",0,0
"1043403","none",0,0
"1043404","none",0,0
"1043405","none",0,0
"1043406","none",0,0
"1043407","none",0,0
"1043408","none",0,0
"1043409","none",0,0
"1043410","none",0,0
"1043411","none",0,0
"1043412","none",0,0
"1043413","none",0,0
"1043414","none",0,0
"1043415","none",0,0
"1043416","none",0,0
"1043417","none",0,0
"1043418","none",0,0
"1043419","none",0,0
"1043420","none",0,0
"1043421","none",0,0
"1058227","none",0,0
"1058228","none",0,0
"1058229","none",0,0
"1058230","none",0,0
"1058231","none",0,0
"1058232","none",0,0
"1058233","none",0,0
"1058234","none",0,0
"1058235","none",0,0
"1058236","none",0,0
"1058237","none",0,0
"1058238","none",0,0
"1058239","none",0,0
"1058240","none",0,0
"1058241","none",0,0
"1058242","none",0,0
"1058243","none",0,0
"1058244","none",0,0
"1058245","none",0,0
"1058246","none",0,0
"1058247","none",0,0
"1058248","none",0,0
"1058249","none",0,0
"1058250","none",0,0
"1058251","none",0,0
"1058252","none",0,0
"1058253","none",0,0
"1058254","none",0,0
"1058255","none",0,0
"1058256","none",0,0
"1058257","none",0,0
"1058258","none",0,0
"1058259","none",0,0
"1058260","none",0,0
"1058261","none",0,0
"1058262","none",0,0
"1058263","none",0,0
"1058264","none",0,0
"1058265","none",0,0
"1058266","none",0,0
"1058267","none",0,0
"1058268","none",0,0
"1058269","none",0,0
"1058270","none",0,0
"1058271","none",0,0
"1058272","none",0,0
"1058273","none",0,0
"1058274","none",0,0
"1058275","none",0,0
"1058276","none",0,0
"1058277","none",0,0
"1058278","none",0,0
"1058279","none",0,0
"1058280","none",0,0
"1058281","none",0,0
"1058282","none",0,0
"1058283","none",0,0
"1058284","none",0,0
"1058285","none",0,0
"1058286","none",0,0
"1058287","none",0,0
"1058288","none",0,0
"1058289","none",0,0
"1058290","none",0,0
"1058291","none",0,0
"1058292","none",0,0
"1058293","none",0,0
"1058294","none",0,0
"1058295","none",0,0
"1058296","none",0,0
"1058297","none",0,0
"1058298","none",0,0
"1058299","none",0,0
"1058300","none",0,0
"1058301","none",0,0
"1058302","none",0,0
"1058303","none",0,0
"1058304","none",0,0
"1058305","none",0,0
"1058306","none",0,0
"1058307","none",0,0
"1058308","none",0,0
"1058309","none",0,0
"1058310","none",0,0
"1058311","none",0,0
"1058312","none",0,0
"1058313","none",0,0
"1058314","none",0,0
"1058315","none",0,0
"1058316","none",0,0
"1058317","none",0,0
"1058318","none",0,0
"1058319","none",0,0
"1058320","none",0,0
"1058321","none",0,0
"1058322","correlator",1140,200
"1058323","none",0,0
"1058324","none",0,0
"1058325","none",0,0
"1058326","none",0,0
"1058327","none",0,0
"1058328","none",0,0
"1058329","none",0,0
"1058330","none",0,0
"1058331","none",0,0
"1058332","none",0,0
"1058333","none",0,0
"1078039","none",0,0
"1078040","none",0,0
"1078041","none",0,0
"1078042","none",0,0
"1078043","none",0,0
"1078044","none",0,0
"1078045","none",0,0
"1078046","none",0,0
"1078047","correlator",-190,-500
"1078048","none",0,0
"1078049","none",0,0
"1078050","none",0,0
"1078051","none",0,0
"1078052","none",0,0
"1078053","none",0,0
"1078054","none",0,0
"1078055","none",0,0
"1078056","none",0,0
"1078057","none",0,0
"1078058","none",0,0
"1078059","none",0,0
"1078060","none",0,0
"1078061","none",0,0
"1078062","none",0,0
"1078063","none",0,0
"1078064","none",0,0
"1078065","none",0,0
"1078066","none",0,0
"1078067","none",0,0
"1078068","none",0,0
"1078069","none",0,0
"1078070","none",0,0
"1078071","none",0,0
"1078072","none",0,0
"1078073","none",0,0
"1078074","none",0,0
"1078075","none",0,0
"1078076","none",0,0
"1078077","none",0,0
"1078078","none",0,0
"1078079","none",0,0
"1078080","none",0,0
"1078081","none",0,0
"1078082","none",0,0
"1078083","none",0,0
"1078084","none",0,0
"1078085","correlator",-160,-20
"1078086","correlator",-210,-90
"1078087","none",0,0
"1078088","correlator",50,-190
"1078089","none",0,0
"1078090","none",0,0
"1078091","none",0,0
"1078092","none",0,0
"1078093","none",0,0
"1078094","none",0,0
"1078095","none",0,0
"1078096","none",0,0
"1078097","none",0,0
"1078098","none",0,0
"1078099","none",0,0
"1078100","none",0,0
"1078101","none",0,0
"1078102","none",0,0
"1078103","none",0,0
"1078104","none",0,0
"1078105","none",0,0
"1078106","none",0,0
"1078107","none",0,0
"1078108","none",0,0
"1078109","none",0,0
"1078110","none",0,0
"1078111","none",0,0
"1078112","none",0,0
"1078113","none",0,0
"1078114","none",0,0
"1078115","none",0,0
"1078116","none",0,0
"1078117","none",0,0
"1078118","none",0,0
"1078119","none",0,0
"1078120","none",0,0
"1078121","none",0,0
"1078122","none",0,0
"1078123","none",0,0
"1078124","none",0,0
"1078125","none",0,0
"1078126","none",0,0
"1078127","none",0,0
"1078128","none",0,0
"1078129","none",0,0
"1078130","none",0,0
"1078131","none",0,0
"1078132","none",0,0
"1078133","none",0,0
"1078134","none",0,0
"1078135","none",0,0
"1078136","none",0,0
"1078137","none",0,0
"1078138","none",0,0
"1078139","none",0,0
"1078140","none",0,0
"1078141","none",0,0
"1078228","none",0,0
"1078229","none",0,0
"1078230","none",0,0
"1078231","none",0,0
"1078232","none",0,0
"1078233","none",0,0
"1078234","none",0,0
"1078235","none",0,0
"1078236","none",0,0
"1078237","none",0,0
"1078238","none",0,0
"1078239","none",0,0
"1078240","none",0,0
"1078241","none",0,0
"1078242","none",0,0
"1078243","none",0,0
"1078244","none",0,0
"1078245","none",0,0
"1078246","none",0,0
"1078247","none",0,0
"1078248","none",0,0
"1078249","none",0,0
"1078250","none",0,0
"1078251","none",0,0
"1078252","none",0,0
"1078253","none",0,0
"1078254","none",0,0
"1078255","none",0,0
"1078256","none",0,0
"1078257","none",0,0
"1078258","none",0,0
"1078259","none",0,0
"1078260","none",0,0
"1078261","none",0,0
"1078262","none",0,0
"1078263","none",0,0
"1078264","none",0,0
"1078265","none",0,0
"1078266","none",0,0
"1078267","none",0,0
"1078268","none",0,0
"1078269","none",0,0
"1078270","none",0,0
"1078271","none",0,0
"1078272","none",0,0
"1078273","none",0,0
"1078274","none",0,0
"1078275","none",0,0
"1078276","none",0,0
"1078277","none",0,0
"1078278","none",0,0
"1078279","none",0,0
"1078280","none",0,0
"1078281","none",0,0
"1078282","none",0,0
"1078283","none",0,0
"1078284","none",0,0
"1078285","none",0,0
"1078286","none",0,0
"1078287","none",0,0
"1078288","none",0,0
"1078289","none",0,0
"1078290","none",0,0
"1078291","none",0,0
"1078292","none",0,0
"1078293","none",0,0
"1078294","none",0,0
"1078295","none",0,0
"1078296","none",0,0
"1078297","none",0,0
"1078298","none",0,0
"1078299","none",0,0
"1078300","none",0,0
"1078301","none",0,0
"1078302","none",0,0
"1078303","none",0,0
"1078304","none",0,0
"1078305","none",0,0
"1078306","none",0,0
"1078307","none",0,0
"1078308","none",0,0
"1078309","none",0,0
"1078389","none",0,0
"1078390","none",0,0
"1078391","none",0,0
"1078392","none",0,0
"1078393","none",0,0
"1078394","none",0,0
"1078395","none",0,0
"1078396","none",0,0
"1078397","none",0,0
"1078398","none",0,0
"1078399","none",0,0
"1078400","none",0,0
"1078401","none",0,0
"1078402","none",0,0
"1078403","none",0,0
"1078404","none",0,0
"1078405","none",0,0
"1078406","none",0,0
"1078407","none",0,0
"1078408","none",0,0
"1078409","none",0,0
"1078410","none",0,0
"1078411","none",0,0
"1078412","none",0,0
"1078413","none",0,0
"1078414","none",0,0
"1078415","none",0,0
"1078416","none",0,0
"1078417","none",0,0
"1078418","none",0,0
"1078419","none",0,0
"1078420","none",0,0
"1078421","none",0,0
"1078422","none",0,0
"1078423","none",0,0
"1078424","none",0,0
"1078425","none",0,0
"1078426","none",0,0
"1078427","none",0,0
"1078428","none",0,0
"1078429","none",0,0
"1078430","none",0,0
"1078431","none",0,0
"1078432","none",0,0
"1078433","none",0,0
"1078434","none",0,0
"1078435","none",0,0
"1078436","none",0,0
"1078437","none",0,0
"1078438","none",0,0
"1078439","none",0,0
"1078440","none",0,0
"1078441","none",0,0
"1078442","none",0,0
"1078443","none",0,0
"1078444","none",0,0
"1078445","none",0,0
"1078446","none",0,0
"1078447","none",0,0
"1078448","none",0,0
"1078449","none",0,0
"1078450","none",0,0
"1078451","none",0,0
"1078452","none",0,0
"1078453","none",0,0
"1078454","none",0,0
"1078455","none",0,0
"1078456","none",0,0
"1078457","none",0,0
"1078458","none",0,0
"1078459","none",0,0
"1078460","none",0,0
"1078461","none",0,0
"1078462","none",0,0
"1078463","none",0,0
"1078464","none",0,0
"1078465","none",0,0
"1078466","none",0,0
"1078467","none",0,0
"1078468","none",0,0
"1078469","none",0,0
"1078470","none",0,0
"1078471","none",0,0
"1078472","none",0,0
"1078552","none",0,0
"1078553","none",0,0
"1078554","none",0,0
"1078555","none",0,0
"1078556","none",0,0
"1078557","none",0,0
"1078558","none",0,0
"1078559","none",0,0
"1078560","none",0,0
"1078561","none",0,0
"1078562","none",0,0
"1078563","none",0,0
"1078564","none",0,0
"1078565","none",0,0
"1078566","none",0,0
"1078567","none",0,0
"1078568","none",0,0
"1078569","none",0,0
"1078570","none",0,0
"1078571","none",0,0
"1078572","none",0,0
"1078573","none",0,0
"1078574","none",0,0
"1078575","none",0,0
"1078576","none",0,0
"1078577","none",0,0
"1078578","none",0,0
"1078579","none",0,0
"1078580","none",0,0
"1078581","none",0,0
"1078582","none",0,0
"1078583","none",0,0
"1078584","none",0,0
"1078585","none",0,0
"1078586","none",0,0
"1078587","none",0,0
"1078588","none",0,0
"1078589","none",0,0
"1078590","none",0,0
"1078591","none",0,0
"1078592","none",0,0
"1079112","none",0,0
"1079113","none",0,0
"1079114","none",0,0
"1079115","none",0,0
"1079116","none",0,0
"1079117","none",0,0
"1079118","none",0,0
"1079119","none",0,0
"1079120","none",0,0
"1079121","none",0,0
"1079122","none",0,0
"1079123","none",0,0
"1079124","none",0,0
"1079125","none",0,0
"1079126","none",0,0
"1079127","none",0,0
"1079128","none",0,0
"1079129","none",0,0
"1079130","none",0,0
"1079131","none",0,0
"1079132","none",0,0
"1079133","none",0,0
"1079134","none",0,0
"1079135","none",0,0
"1079136","none",0,0
"1079137","none",0,0
"1079138","none",0,0
"1079139","none",0,0
"1079140","none",0,0
"1079141","none",0,0
"1079142","none",0,0
"1079143","none",0,0
"1079144","none",0,0
"1079145","none",0,0
"1079146","none",0,0
"1079147","none",0,0
"1079148","none",0,0
"1079149","none",0,0
"1079150","none",0,0
"1079162","none",0,0
"1079163","none",0,0
"1079164","none",0,0
"1079165","none",0,0
"1079166","none",0,0
"1079167","none",0,0
"1079168","none",0,0
"1079169","none",0,0
"1079170","none",0,0
"1079171","none",0,0
"1079172","none",0,0
"1079173","none",0,0
"1079174","none",0,0
"1079175","none",0,0
"1079176","none",0,0
"1079177","none",0,0
"1079178","none",0,0
"1079179","none",0,0
"1079180","none",0,0
"1079181","none",0,0
"1079182","none",0,0
"1079183","none",0,0
"1079184","none",0,0
"1079185","none",0,0
"1079186","none",0,0
"1079187","none",0,0
"1079188","none",0,0
"1079189","none",0,0
"1079190","none",0,0
"1079191","none",0,0
"1079192","none",0,0
"1079193","none",0,0
"1079194","none",0,0
"1079195","none",0,0
"1079196","none",0,0
"1079197","none",0,0
"1079198","none",0,0
"1079272","none",0,0
"1079273","none",0,0
"1079274","none",0,0
"1079275","none",0,0
"1079276","none",0,0
"1079277","none",0,0
"1079278","none",0,0
"1079279","none",0,0
"1079280","none",0,0
"1079281","none",0,0
"1079282","none",0,0
"1079283","none",0,0
"1079284","none",0,0
"1079285","none",0,0
"1079286","none",0,0
"1079287","none",0,0
"1079288","none",0,0
"1079289","none",0,0
"1079290","none",0,0
"1079291","none",0,0
"1079292","none",0,0
"1079293","none",0,0
"1079294","none",0,0
"1079295","none",0,0
"1079296","none",0,0
"1079297","none",0,0
"1079298","none",0,0
"1079299","none",0,0
"1079300","none",0,0
"1079301","none",0,0
"1079302","none",0,0
"1079303","none",0,0
"1079304","none",0,0
"1079305","none",0,0
"1079306","none",0,0
"1079307","none",0,0
"1079308","correlator",10,-350
"1079309","correlator",-420,-220
"1079310","correlator",-970,-100
"1079311","none",0,0
"1079312","none",0,0
"1079313","none",0,0
"1079314","none",0,0
"1079315","none",0,0
"1079316","none",0,0
"1079317","none",0,0
"1079318","none",0,0
"1079319","none",0,0
"1079320","none",0,0
"1079321","none",0,0
"1079322","none",0,0
"1079323","none",0,0
"1079324","none",0,0
"1079325","none",0,0
"1079326","none",0,0
"1079327","none",0,0
"1079328","none",0,0
"1079329","none",0,0
"1079330","none",0,0
"1079331","none",0,0
"1079332","none",0,0
"1079333","none",0,0
"1079334","none",0,0
"1079335","none",0,0
"1079336","none",0,0
"1079337","none",0,0
"1079338","none",0,0
"1079339","none",0,0
"1079340","none",0,0
"1079341","none",0,0
"1079418","none",0,0
"1079419","none",0,0
"1079420","none",0,0
"1079421","none",0,0
"1079422","none",0,0
"1079423","none",0,0
"1079424","none",0,0
"1079425","none",0,0
"1079426","none",0,0
"1079427","none",0,0
"1079428","none",0,0
"1079429","none",0,0
"1079430","none",0,0
"1079431","none",0,0
"1079432","none",0,0
"1079433","none",0,0
"1079434","none",0,0
"1079435","none",0,0
"1079436","none",0,0
"1079437","none",0,0
"1079438","none",0,0
"1079439","none",0,0
"1079440","none",0,0
"1079441","none",0,0
"1079442","none",0,0
"1079443","none",0,0
"1079444","none",0,0
"1079445","none",0,0
"1079446","none",0,0
"1079447","none",0,0
"1079448","correlator",-290,60
"1079449","correlator",-250,20
"1079450","none",0,0
"1079451","none",0,0
"1079452","none",0,0
"1079453","none",0,0
"1079699","none",0,0
"1079700","correlator",-250,120
"1079701","correlator",-220,90
"1079702","correlator",-160,80
"1079703","correlator",-70,90
"1079704","correlator",10,70
"1079705","correlator",40,60
"1079706","none",0,0
"1079707","none",0,0
"1079708","none",0,0
"1079709","none",0,0
"1079710","none",0,0
"1079711","none",0,0
"1079712","none",0,0
"1079713","none",0,0
"1079714","none",0,0
"1079715","none",0,0
"1079716","none",0,0
"1079717","none",0,0
"1079718","none",0,0
"1079719","none",0,0
"1079720","none",0,0
"1079721","none",0,0
"1079722","none",0,0
"1079723","none",0,0
"1079724","none",0,0
"1079725","none",0,0
"1079726","none",0,0
"1079727","none",0,0
"1079728","none",0,0
"1079729","none",0,0
"1079730","none",0,0
"1079731","none",0,0
"1079732","none",0,0
"1079825","none",0,0
"1079826","none",0,0
"1079827","none",0,0
"1079828","none",0,0
"1079829","none",0,0
"1079830","none",0,0
"1079831","none",0,0
"1079832","none",0,0
"1079833","none",0,0
"1079834","none",0,0
"1079835","none",0,0
"1079836","none",0,0
"1079837","none",0,0
"1079838","none",0,0
"1079839","none",0,0
"1079840","none",0,0
"1079841","none",0,0
"1079842","none",0,0
"1079843","none",0,0
"1079844","none",0,0
"1079845","none",0,0
"1079846","none",0,0
"1079847","none",0,0
"1079848","none",0,0
"1079849","none",0,0
"1079850","none",0,0
"1106301","none",0,0
"1106302","correlator",-60,100
"1106303","correlator",-10,40
"1106304","correlator",50,10
"1106305","correlator",140,-50
"1106306","none",0,0
"1106307","none",0,0
"1106308","none",0,0
"1106309","none",0,0
"1106310","none",0,0
"1106311","none",0,0
"1106312","none",0,0
"1106313","none",0,0
"1106314","none",0,0
"1106315","none",0,0
"1106316","none",0,0
"1106317","none",0,0
"1106318","none",0,0
"1106319","none",0,0
"1106320","correlator",10,-150
"1106321","none",0,0
"1106322","none",0,0
"1106323","correlator",90,-90
"1106324","none",0,0
"1106325","none",0,0
"1106326","none",0,0
"1106327","none",0,0
"1106328","none",0,0
"1106329","none",0,0
"1106330","none",0,0
"1106331","none",0,0
"1106332","none",0,0
"1106333","correlator",40,-110
"1106334","none",0,0
"1106335","none",0,0
"1106336","none",0,0
"1106337","none",0,0
"1106338","none",0,0
"1106339","none",0,0
"1106340","none",0,0
"1106341","none",0,0
"1106342","none",0,0
"1106343","none",0,0
"1106344","none",0,0
"1106345","none",0,0
"1106346","none",0,0
"1106347","none",0,0
"1106348","none",0,0
"1106349","none",0,0
"1106350","none",0,0
"1106351","none",0,0
"1106352","none",0,0
"1106353","none",0,0
"1106354","none",0,0
"1106355","none",0,0
"1106356","correlator",120,40
"1106357","none",0,0
"1106358","correlator",30,10
"1106359","none",0,0
"1106360","none",0,0
"1106361","none",0,0
"1106362","none",0,0
"1106363","none",0,0
"1106364","none",0,0
"1106365","none",0,0
"1106366","none",0,0
"1106367","none",0,0
"1106368","none",0,0
"1106369","none",0,0
"1106370","none",0,0
"1106371","none",0,0
"1159819","none",0,0
"1159820","none",0,0
"1159821","none",0,0
"1159822","none",0,0
"1159823","none",0,0
"1159824","none",0,0
"1159825","none",0,0
"1159826","none",0,0
"1159827","none",0,0
"1159828","none",0,0
"1159829","none",0,0
"1159830","none",0,0
"1159831","none",0,0
"1159832","none",0,0
"1159833","none",0,0
"1159834","none",0,0
"1159835","none",0,0
"1159836","none",0,0
"1159837","none",0,0
"1159838","none",0,0
"1159839","none",0,0
"1159840","none",0,0
"1159841","none",0,0
"1159842","none",0,0
"1159843","none",0,0
"1159844","none",0,0
"1159845","none",0,0
"1159846","none",0,0
"1159847","none",0,0
"1159848","none",0,0
"1159849","none",0,0
"1159850","none",0,0
"1159851","none",0,0
"1159852","none",0,0
"1159853","none",0,0
"1159854","none",0,0
"1159855","none",0,0
"1159856","none",0,0
"1159857","none",0,0
"1159858","correlator",-440,470
"1159859","none",0,0
"1159860","none",0,0
"1159861","none",0,0
"1159862","none",0,0
"1159863","none",0,0
"1159864","none",0,0
"1159865","correlator",-70,380
"1159866","correlator",-130,410
"1159867","none",0,0
"1159868","none",0,0
"1159869","none",0,0
"1159870","none",0,0
"1159871","none",0,0
"1159872","none",0,0
"1159873","none",0,0
"1159874","none",0,0
"1159875","none",0,0
"1159876","none",0,0
"1159877","none",0,0
"1159878","none",0,0
"1159879","none",0,0
"1159880","none",0,0
"1159881","none",0,0
"1159882","none",0,0
"1159883","none",0,0
"1159884","none",0,0
"1159885","none",0,0
"1159886","none",0,0
"1159887","none",0,0
"1159888","none",0,0
"1159889","none",0,0
"1171206","none",0,0
"1171207","none",0,0
"1171208","none",0,0
"1171209","none",0,0
"1171210","none",0,0
"1171211","none",0,0
"1171212","none",0,0
"1171213","none",0,0
"1171214","none",0,0
"1171215","none",0,0
"1171216","none",0,0
"1171217","none",0,0
"1171218","none",0,0
"1171219","none",0,0
"1171220","none",0,0
"1171221","none",0,0
"1171222","none",0,0
"1171223","none",0,0
"1171224","none",0,0
"1171225","none",0,0
"1171226","none",0,0
"1171227","none",0,0
"1171228","none",0,0
"1171229","none",0,0
"1171230","none",0,0
"1171231","none",0,0
"1171232","none",0,0
"1171233","none",0,0
"1171234","none",0,0
"1171235","none",0,0
"1171236","none",0,0
"1171237","none",0,0
"1171238","none",0,0
"1171239","none",0,0
"1171240","none",0,0
"1171241","none",0,0
"1171242","none",0,0
"1171243","none",0,0
"1171244","none",0,0
"1171245","none",0,0
"1171246","none",0,0
"1171247","none",0,0
"1171248","none",0,0
"1171249","none",0,0
"1171250","none",0,0
"1171251","none",0,0
"1171252","none",0,0
"1171253","none",0,0
"1171254","correlator",340,360
"1171255","none",0,0
"1171256","none",0,0
"1171257","none",0,0
"1171258","none",0,0
"1171259","none",0,0
"1171260","none",0,0
"1171261","none",0,0
"1171262","correlator",-160,380
"1171263","correlator",-160,380
"1171264","correlator",-150,350
"1171265","none",0,0
"1171266","none",0,0
"1171267","none",0,0
"1171268","none",0,0
"1171269","none",0,0
"1171270","none",0,0
"1171271","none",0,0
"1171272","none",0,0
"1171273","none",0,0
"1171274","none",0,0
"1171275","none",0,0
"1171276","none",0,0
"1171277","none",0,0
"1171278","none",0,0
"1171279","none",0,0
"1171280","none",0,0
"1171281","none",0,0
"1171282","none",0,0
"1171283","none",0,0
"1171284","none",0,0
"1171285","none",0,0
"1171286","none",0,0
"1171287","none",0,0
"1171288","none",0,0
"1171289","none",0,0
"1171290","none",0,0
"1171291","none",0,0
"1171292","none",0,0
"1171293","none",0,0
"1171294","none",0,0
"1171295","none",0,0
"1171296","none",0,0
"1171297","none",0,0
"1171298","none",0,0
"1171299","none",0,0
"1171300","none",0,0
"1171301","none",0,0
"1171302","none",0,0
"1225028","none",0,0
"1225029","none",0,0
"1225030","none",0,0
"1225031","none",0,0
"1225032","correlator",680,-270
"1225033","none",0,0
"1225034","none",0,0
"1225035","correlator",960,-360
"1225036","correlator",1060,-400
"1225037","none",0,0
"1225038","correlator",-330,-30
"1225039","none",0,0
"1225040","none",0,0
"1225041","none",0,0
"1225042","none",0,0
"1225043","none",0,0
"1225044","none",0,0
"1225045","none",0,0
"1225046","none",0,0
"1225047","none",0,0
"1225048","none",0,0
"1225049","none",0,0
"1225050","none",0,0
"1225051","none",0,0
"1225068","none",0,0
"1225069","none",0,0
"1225070","none",0,0
"1225071","none",0,0
"1225072","none",0,0
"1225080","none",0,0
"1265164","none",0,0
"1265165","none",0,0
"1265166","none",0,0
"1265167","none",0,0
"1265168","none",0,0
"1265169","none",0,0
"1265170","none",0,0
"1265171","none",0,0
"1265172","none",0,0
"1265173","none",0,0
"1265174","none",0,0
"1265175","none",0,0
"1265176","none",0,0
"1265177","none",0,0
"1265178","none",0,0
"1265179","none",0,0
"1265180","none",0,0
"1265181","none",0,0
"1265182","none",0,0
"1265298","none",0,0
"1265299","none",0,0
"1265300","none",0,0
"1265301","none",0,0
"1265302","none",0,0
"1265303","none",0,0
"1265304","none",0,0
"1265305","none",0,0
"1265306","none",0,0
"1265307","none",0,0
"1265308","none",0,0
"1265309","none",0,0
"1265310","none",0,0
"1265311","none",0,0
"1265312","none",0,0
"1265313","none",0,0
"1265314","none",0,0
"1265315","none",0,0
"1265316","none",0,0
"1265317","none",0,0
"1265318","none",0,0
"1265319","none",0,0
"1265320","none",0,0
"1265321","none",0,0
"1265322","none",0,0
"1265323","none",0,0
"1265324","none",0,0
"1265325","none",0,0
"1265326","none",0,0
"1265327","none",0,0
"1265328","none",0,0
"1265329","none",0,0
"1265330","none",0,0
"1265331","none",0,0
"1265332","none",0,0
"1265333","none",0,0
"1265334","none",0,0
"1265335","none",0,0
"1265336","none",0,0
"1265337","none",0,0
"1265338","none",0,0
"1265339","none",0,0
"1265340","none",0,0
"1265341","none",0,0
"1265342","none",0,0
"1265343","correlator",-910,-420
"1265344","correlator",-900,-320
"1265345","correlator",-780,-310
"1265346","correlator",-640,-210
"1265347","correlator",-550,-180
"1265348","none",0,0
"1265349","none",0,0
"1265350","none",0,0
"1265351","none",0,0
"1265352","none",0,0
"1265353","none",0,0
"1265354","none",0,0
"1265355","none",0,0
"1265356","none",0,0
"1265357","none",0,0
"1265358","none",0,0
"1265359","none",0,0
"1265360","none",0,0
"1265361","none",0,0
"1265362","none",0,0
"1265363","none",0,0
"1265364","none",0,0
"1265365","none",0,0
"1265366","none",0,0
"1265367","none",0,0
"1265368","none",0,0
"1265369","none",0,0
"1265370","none",0,0
"1265371","none",0,0
"1265473","none",0,0
"1265474","none",0,0
"1265475","none",0,0
"1265476","none",0,0
"1265477","none",0,0
"1265478","none",0,0
"1265479","none",0,0
"1265480","none",0,0
"1265481","none",0,0
"1265482","none",0,0
"1265483","none",0,0
"1265484","none",0,0
"1265485","none",0,0
"1265486","none",0,0
"1265487","none",0,0
"1265488","none",0,0
"1265489","none",0,0
"1265490","none",0,0
"1265491","none",0,0
"1265492","none",0,0
"1265493","none",0,0
"1265494","none",0,0
"1265495","correlator",-50,230
"1265496","correlator",-70,260
"1265497","correlator",200,200
"1265498","none",0,0
"1265499","none",0,0
"1265500","none",0,0
"1265501","none",0,0
"1265502","none",0,0
"1265503","none",0,0
"1265504","none",0,0
"1265505","none",0,0
"1265506","none",0,0
"1265507","none",0,0
"1265508","none",0,0
"1265509","none",0,0
"1265510","none",0,0
"1265511","none",0,0
"1265512","none",0,0
"1265513","none",0,0
"1265514","none",0,0
"1265515","none",0,0
"1265516","none",0,0
"1265517","none",0,0
"1265518","none",0,0
"1265519","none",0,0
"1265520","none",0,0
"1265521","none",0,0
"1265522","none",0,0
"1265523","none",0,0
"1265524","none",0,0
"1265525","none",0,0
"1265526","none",0,0
"1265527","none",0,0
"1265528","none",0,0
"1265529","none",0,0
"1265530","none",0,0
"1265531","none",0,0
"1265532","none",0,0
"1265533","none",0,0
"1265534","none",0,0
"1265535","none",0,0
"1265536","none",0,0
"1265537","none",0,0
"1265538","none",0,0
"1265539","none",0,0
"1265540","none",0,0
"1265541","none",0,0
"1265542","none",0,0
"1265543","none",0,0
"1265544","none",0,0
"1265545","none",0,0
"1265546","none",0,0
"1265547","none",0,0
"1265548","none",0,0
"1265549","none",0,0
"1265550","none",0,0
"1265551","none",0,0
"1265552","none",0,0
"1265630","none",0,0
"1265631","none",0,0
"1265632","none",0,0
"1265633","none",0,0
"1265634","none",0,0
"1265635","none",0,0
"1265636","none",0,0
"1265637","none",0,0
"1265638","none",0,0
"1265639","none",0,0
"1265640","none",0,0
"1265641","none",0,0
"1265642","none",0,0
"1265643","none",0,0
"1265644","none",0,0
"1265645","none",0,0
"1265646","none",0,0
"1265647","none",0,0
"1265648","none",0,0
"1265649","none",0,0
"1265650","none",0,0
"1265651","none",0,0
"1265652","none",0,0
"1265653","none",0,0
"1265654","none",0,0
"1265655","none",0,0
"1265656","none",0,0
"1265657","none",0,0
"1265658","none",0,0
"1265659","none",0,0
"1265660","none",0,0
"1265661","none",0,0
"1265662","none",0,0
"1265663","none",0,0
"1265664","none",0,0
"1265665","none",0,0
"1265666","none",0,0
"1265667","none",0,0
"1265668","none",0,0
"1265669","none",0,0
"1265670","none",0,0
"1265671","none",0,0
"1265672","none",0,0
"1265673","none",0,0
"1265674","none",0,0
"1265675","none",0,0
"1265676","none",0,0
"1265677","none",0,0
"1265678","none",0,0
"1265679","none",0,0
"1265680","none",0,0
"1265681","none",0,0
"1265682","none",0,0
"1265683","none",0,0
"1265684","none",0,0
"1265685","none",0,0
"1265686","none",0,0
"1265687","none",0,0
"1265688","none",0,0
"1265689","none",0,0
"1265690","none",0,0
"1265691","none",0,0
"1265692","none",0,0
"1265693","none",0,0
"1265694","none",0,0
"1265695","none",0,0
"1265696","none",0,0
"1265697","none",0,0
"1265698","none",0,0
"1267349","none",0,0
"1267350","none",0,0
"1267351","none",0,0
"1267352","none",0,0
"1267353","none",0,0
"1267354","none",0,0
"1267355","none",0,0
"1267356","none",0,0
"1267357","none",0,0
"1267358","correlator",30,-110
"1267359","correlator",80,-120
"1267360","correlator",170,-140
"1267361","none",0,0
"1267362","none",0,0
"1267363","none",0,0
"1267364","none",0,0
"1267365","none",0,0
"1267366","none",0,0
"1267367","none",0,0
"1267368","none",0,0
"1267369","none",0,0
"1267370","none",0,0
"1267371","none",0,0
"1267372","none",0,0
"1267373","none",0,0
"1267374","none",0,0
"1267375","none",0,0
"1267376","none",0,0
"1267377","none",0,0
"1267378","none",0,0
"1267405","none",0,0
"1267406","none",0,0
"1267407","none",0,0
"1267408","none",0,0
"1267409","none",0,0
"1267410","none",0,0
"1267411","none",0,0
"1267412","none",0,0
"1267413","none",0,0
"1267414","none",0,0
"1267415","none",0,0
"1267416","none",0,0
"1267417","none",0,0
"1267418","none",0,0
"1267419","none",0,0
"1267420","none",0,0
"1267421","none",0,0
"1267422","none",0,0
"1267423","correlator",-160,-360
"1267424","correlator",-200,-300
"1267425","correlator",-60,-390
"1267426","none",0,0
"1267427","none",0,0
"1267428","none",0,0
"1267429","none",0,0
"1267430","none",0,0
"1267431","none",0,0
"1267432","none",0,0
"1267771","none",0,0
"1267772","none",0,0
"1267773","none",0,0
"1267774","none",0,0
"1267775","none",0,0
"1267776","none",0,0
"1267777","none",0,0
"1267778","none",0,0
"1267779","none",0,0
"1267780","none",0,0
"1267781","none",0,0
"1267782","none",0,0
"1267783","none",0,0
"1267784","none",0,0
"1267785","none",0,0
"1267786","none",0,0
"1267787","none",0,0
"1267788","none",0,0
"1267789","none",0,0
"1267790","none",0,0
"1267791","none",0,0
"1267792","none",0,0
"1267793","none",0,0
"1267794","none",0,0
"1267795","none",0,0
"1267796","none",0,0
"1267797","none",0,0
"1267798","none",0,0
"1267799","none",0,0
"1267800","none",0,0
"1267801","none",0,0
"1267802","none",0,0
"1267803","none",0,0
"1267804","none",0,0
"1267805","none",0,0
"1267806","none",0,0
"1267807","none",0,0
"1267808","none",0,0
"1267809","none",0,0
"1267810","none",0,0
"1267811","none",0,0
"1267812","none",0,0
"1267813","none",0,0
"1267814","none",0,0
"1267815","none",0,0
"1267816","none",0,0
"1267817","none",0,0
"1267818","none",0,0
"1267819","none",0,0
"1267820","none",0,0
"1267821","none",0,0
"1267822","none",0,0
"1267823","none",0,0
"1267824","none",0,0
"1267825","none",0,0
"1267826","none",0,0
"1267827","none",0,0
"1267828","none",0,0
"1267829","none",0,0
"1267892","none",0,0
"1267893","none",0,0
"1267894","none",0,0
"1267895","none",0,0
"1267896","none",0,0
"1267897","none",0,0
"1267898","none",0,0
"1267899","none",0,0
"1267900","none",0,0
"1267901","none",0,0
"1267902","none",0,0
"1267903","none",0,0
"1267904","none",0,0
"1267905","none",0,0
"1267906","none",0,0
"1267907","none",0,0
"1267908","none",0,0
"1267909","none",0,0
"1267910","none",0,0
"1267911","none",0,0
"1267912","none",0,0
"1267913","none",0,0
"1267914","none",0,0
"1267915","none",0,0
"1267916","none",0,0
"1267917","none",0,0
"1267918","none",0,0
"1267919","none",0,0
"1267920","none",0,0
"1267921","none",0,0
"1267922","none",0,0
"1267923","none",0,0
"1267924","none",0,0
"1267925","none",0,0
"1267926","none",0,0
"1267927","none",0,0
"1267928","none",0,0
"1267929","none",0,0
"1267930","correlator",90,-10
"1267931","correlator",220,80
"1267932","correlator",230,20
"1267933","correlator",260,20
"1267934","correlator",290,40
"1267935","none",0,0
"1267936","none",0,0
"1267937","none",0,0
"1267938","none",0,0
"1267939","none",0,0
"1267940","none",0,0
"1267941","none",0,0
"1267942","none",0,0
"1267943","none",0,0
"1267944","none",0,0
"1267945","none",0,0
"1267946","none",0,0
"1267947","none",0,0
"1267948","none",0,0
"1268000","none",0,0
"1268001","none",0,0
"1268002","none",0,0
"1268007","none",0,0
"1268008","none",0,0
"1268009","none",0,0
"1268010","none",0,0
"1268011","none",0,0
"1268012","none",0,0
"1268013","none",0,0
"1268014","none",0,0
"1268015","none",0,0
"1268016","none",0,0
"1268017","none",0,0
"1268018","none",0,0
"1268019","none",0,0
"1268020","none",0,0
"1268021","none",0,0
"1268022","none",0,0
"1268023","none",0,0
"1268024","none",0,0
"1268025","none",0,0
"1268026","none",0,0
"1268027","none",0,0
"1268028","none",0,0
"1268029","none",0,0
"1268030","none",0,0
"1268031","none",0,0
"1268032","none",0,0
"1268033","none",0,0
"1268034","none",0,0
"1268035","none",0,0
"1268036","none",0,0
"1268037","none",0,0
"1268038","none",0,0
"1268039","none",0,0
"1284825","none",0,0
"1284826","none",0,0
"1284827","none",0,0
"1284828","none",0,0
"1284829","none",0,0
"1284830","none",0,0
"1284831","none",0,0
"1284832","none",0,0
"1284833","none",0,0
"1284834","none",0,0
"1284835","none",0,0
"1284836","none",0,0
"1284837","none",0,0
"1284838","none",0,0
"1284839","none",0,0
"1284840","none",0,0
"1284841","none",0,0
"1284842","none",0,0
"1284843","none",0,0
"1284844","none",0,0
"1284845","none",0,0
"1284846","none",0,0
"1284847","none",0,0
"1284848","none",0,0
"1284849","none",0,0
"1284850","none",0,0
"1284851","none",0,0
"1284852","none",0,0
"1284853","none",0,0
"1284854","none",0,0
"1284855","none",0,0
"1284856","none",0,0
"1284857","none",0,0
"1284858","none",0,0
"1284859","none",0,0
"1284860","none",0,0
"1284861","none",0,0
"1284862","none",0,0
"1284863","none",0,0
"1284864","none",0,0
"1284865","none",0,0
"1284866","none",0,0
"1284867","none",0,0
"1284868","none",0,0
"1284869","none",0,0
"1284870","none",0,0
"1284871","none",0,0
"1284872","none",0,0
"1284873","none",0,0
"1284874","none",0,0
"1284875","none",0,0
"1284876","none",0,0
"1284877","none",0,0
"1284878","none",0,0
"1284879","none",0,0
"1284880","none",0,0
"1284881","none",0,0
"1284882","none",0,0
"1284883","none",0,0
"1292497","none",0,0
"1292498","none",0,0
"1292499","none",0,0
"1292500","none",0,0
"1292501","none",0,0
"1292502","none",0,0
"1292503","none",0,0
"1292504","none",0,0
"1292505","none",0,0
"1292506","none",0,0
"1292507","none",0,0
"1292508","none",0,0
"1292509","none",0,0
"1292510","none",0,0
"1292511","none",0,0
"1292512","none",0,0
"1292513","none",0,0
"1292514","none",0,0
"1292515","none",0,0
"1292516","none",0,0
"1292517","none",0,0
"1292518","none",0,0
"1292519","none",0,0
"1292520","none",0,0
"1292521","none",0,0
"1292522","none",0,0
"1292523","none",0,0
"1292524","none",0,0
"1292525","none",0,0
"1292526","none",0,0
"1292527","none",0,0
"1292528","none",0,0
"1292529","none",0,0
"1292530","none",0,0
"1292531","none",0,0
"1292532","none",0,0
"1292533","none",0,0
"1292534","none",0,0
"1292535","none",0,0
"1292536","none",0,0
"1292537","none",0,0
"1292538","none",0,0
"1292539","none",0,0
"1292540","none",0,0
"1292541","none",0,0
"1292542","none",0,0
"1292543","none",0,0
"1292544","none",0,0
"1292545","none",0,0
"1292546","none",0,0
"1292547","none",0,0
"1292548","none",0,0
"1292549","none",0,0
"1292550","none",0,0
"1292551","none",0,0
"1292552","none",0,0
"1292553","none",0,0
"1292554","none",0,0
"1292555","none",0,0
"1292556","none",0,0
"1292557","none",0,0
"1292558","none",0,0
"1292559","none",0,0
"1292560","none",0,0
"1292561","none",0,0
"1292562","none",0,0
"1292563","none",0,0
"1292564","none",0,0
"1292565","none",0,0
"1292566","none",0,0
"1292567","none",0,0
"1292568","none",0,0
"1292569","none",0,0
"1292570","none",0,0
"1292571","none",0,0
"1292572","none",0,0
"1292573","none",0,0
"1292574","none",0,0
"1292575","none",0,0
"1292576","none",0,0
"1292577","none",0,0
"1292578","none",0,0
"1292579","none",0,0
"1292580","none",0,0
"1292581","none",0,0
"1292582","none",0,0
"1292583","none",0,0
"1292584","none",0,0
"1292585","none",0,0
"1292586","none",0,0
"1292587","none",0,0
"1292588","none",0,0
"1293622","none",0,0
"1293623","none",0,0
"1293624","none",0,0
"1293625","none",0,0
"1293626","none",0,0
"1293627","none",0,0
"1293628","none",0,0
"1293629","none",0,0
"1293630","none",0,0
"1293631","none",0,0
"1293632","none",0,0
"1293633","none",0,0
"1293634","none",0,0
"1293635","none",0,0
"1293636","none",0,0
"1293637","none",0,0
"1293638","none",0,0
"1293639","none",0,0
"1293640","none",0,0
"1293641","none",0,0
"1293642","none",0,0
"1293643","none",0,0
"1293644","none",0,0
"1293645","none",0,0
"1293646","none",0,0
"1293647","none",0,0
"1293648","none",0,0
"1293649","none",0,0
"1293650","none",0,0
"1293651","none",0,0
"1293652","none",0,0
"1293653","none",0,0
"1293654","none",0,0
"1293655","none",0,0
"1293656","none",0,0
"1293657","correlator",-170,280
"1293658","correlator",60,-930
"1293659","none",0,0
"1293660","none",0,0
"1303081","none",0,0
"1303082","none",0,0
"1303083","none",0,0
"1303084","none",0,0
"1303085","none",0,0
"1303086","none",0,0
"1303087","none",0,0
"1303088","none",0,0
"1303089","none",0,0
"1303090","none",0,0
"1303091","none",0,0
"1303092","none",0,0
"1303093","none",0,0
"1303094","none",0,0
"1303095","none",0,0
"1303096","none",0,0
"1303097","none",0,0
"1303098","none",0,0
"1303099","none",0,0
"1303100","none",0,0
"1303101","none",0,0
"1303102","none",0,0
"1303103","none",0,0
"1303104","none",0,0
"1303105","correlator",280,10
"1303106","correlator",270,-20
"1303107","correlator",200,50
"1303108","correlator",190,-50
"1303109","correlator",180,40
"1303110","correlator",160,-20
"1303111","none",0,0
"1303112","none",0,0
"1303113","none",0,0
"1303114","none",0,0
"1303115","none",0,0
"1303116","none",0,0
"1303117","none",0,0
"1303118","none",0,0
"1303119","none",0,0
"1303120","none",0,0
"1303121","none",0,0
"1303122","none",0,0
"1303123","none",0,0
"1303124","none",0,0
"1303125","none",0,0
"1303126","none",0,0
"1303127","none",0,0
"1303128","none",0,0
"1303129","none",0,0
"1303130","none",0,0
"1303131","none",0,0
"1303132","none",0,0
"1303133","none",0,0
"1303134","none",0,0
"1303135","none",0,0
"1303136","none",0,0
"1303137","none",0,0
"1303138","none",0,0
"1303139","none",0,0
"1303140","none",0,0
"1303141","none",0,0
"1303142","none",0,0
"1303143","none",0,0
"1303144","none",0,0
"1303145","none",0,0
"1303146","none",0,0
"1303147","none",0,0
"1303148","none",0,0
"1303149","none",0,0
"1303150","none",0,0
"1303151","none",0,0
"1303152","none",0,0
"1303153","none",0,0
"1303154","none",0,0
"1303155","none",0,0
"1303156","none",0,0
"1303157","none",0,0
"1303158","none",0,0
"1303159","none",0,0
"1303160","none",0,0
"1303161","none",0,0
"1303162","none",0,0
"1303163","none",0,0
"1303164","none",0,0
"1303165","none",0,0
"1303166","none",0,0
"1303167","none",0,0
"1303168","none",0,0
"1303169","none",0,0
"1303170","none",0,0
"1303171","none",0,0
"1303172","none",0,0
"1303173","none",0,0
"1303174","none",0,0
"1303175","none",0,0
"1303176","none",0,0
"1303177","none",0,0
"1303178","none",0,0
"1303179","none",0,0
"1303180","none",0,0
"1303181","none",0,0
"1303182","none",0,0
"1303183","none",0,0
"1303184","none",0,0
"1303185","none",0,0
"1303186","none",0,0
"1303187","none",0,0
"1303188","none",0,0
"1303189","none",0,0
"1303190","none",0,0
"1303191","none",0,0
"1303192","none",0,0
"1303193","none",0,0
"1303194","none",0,0
"1303195","none",0,0
"1303196","none",0,0
"1303197","none",0,0
"1303198","none",0,0
"1303199","none",0,0
"1303200","none",0,0
"1303201","none",0,0
"1303202","none",0,0
"1303203","none",0,0
"1303204","none",0,0
"1303205","none",0,0
"1303206","none",0,0
"1303207","none",0,0
"1303208","none",0,0
"1303209","none",0,0
"1303210","none",0,0
"1303211","none",0,0
"1303212","none",0,0
"1303213","none",0,0
"1303214","none",0,0
"1303215","none",0,0
"1303216","none",0,0
"1303217","none",0,0
"1303218","none",0,0
"1303219","none",0,0
"1303220","none",0,0
"1303221","none",0,0
"1303222","none",0,0
"1303223","none",0,0
"1303224","none",0,0
"1303225","none",0,0
"1303226","none",0,0
"1303227","none",0,0
"1303228","none",0,0
"1303259","none",0,0
"1303260","none",0,0
"1303261","none",0,0
"1303262","none",0,0
"1303263","none",0,0
"1303264","none",0,0
"1303265","none",0,0
"1303266","none",0,0
"1303267","none",0,0
"1303268","none",0,0
"1303269","none",0,0
"1303270","none",0,0
"1303271","none",0,0
"1303272","none",0,0
"1303273","none",0,0
"1303274","none",0,0
"1303275","none",0,0
"1303276","none",0,0
"1303277","none",0,0
"1303278","none",0,0
"1303279","none",0,0
"1303280","none",0,0
"1303281","none",0,0
"1303282","none",0,0
"1303283","none",0,0
"1303284","none",0,0
"1303285","none",0,0
"1303286","none",0,0
"1303287","none",0,0
"1303288","none",0,0
"1303289","none",0,0
"1303290","none",0,0
"1303291","none",0,0
"1303292","none",0,0
"1303293","none",0,0
"1303294","none",0,0
"1303295","none",0,0
"1303296","none",0,0
"1303297","none",0,0
"1303298","none",0,0
"1303299","none",0,0
"1303300","none",0,0
"1303301","none",0,0
"1303302","none",0,0
"1303303","none",0,0
"1303304","none",0,0
"1303305","none",0,0
"1303306","none",0,0
"1303307","none",0,0
"1303308","none",0,0
"1303309","none",0,0
"1303310","none",0,0
"1303311","none",0,0
"1303312","none",0,0
"1303313","none",0,0
"1303314","none",0,0
"1303315","none",0,0
"1303316","none",0,0
"1303317","none",0,0
"1303318","none",0,0
"1303319","none",0,0
"1303320","none",0,0
"1303321","none",0,0
"1303322","none",0,0
"1303323","none",0,0
"1303324","none",0,0
"1303325","none",0,0
"1303326","none",0,0
"1303327","none",0,0
"1303328","none",0,0
"1303329","none",0,0
"1303330","none",0,0
"1303331","none",0,0
"1303332","none",0,0
"1303333","none",0,0
"1303334","none",0,0
"1303335","none",0,0
"1303336","none",0,0
"1303337","none",0,0
"1303338","none",0,0
"1303339","none",0,0
"1303340","none",0,0
"1303341","none",0,0
"1303342","none",0,0
"1303343","none",0,0
"1303344","none",0,0
"1303345","none",0,0
"1303346","none",0,0
"1303347","none",0,0
"1303348","none",0,0
"1303349","none",0,0
"1303350","none",0,0
"1303351","none",0,0
"1303352","none",0,0
"1303353","none",0,0
"1303354","none",0,0
"1303355","none",0,0
"1303356","none",0,0
"1303357","none",0,0
"1303358","none",0,0
"1303359","none",0,0
"1303360","none",0,0
"1303361","none",0,0
"1303362","none",0,0
"1303363","none",0,0
"1303364","none",0,0
"1303365","none",0,0
"1303366","none",0,0
"1303367","none",0,0
"1303368","none",0,0
"1303369","none",0,0
"1303370","none",0,0
"1303371","none",0,0
"1303372","none",0,0
"1303373","none",0,0
"1303374","none",0,0
"1303375","none",0,0
"1303376","none",0,0
"1303377","none",0,0
"1303378","none",0,0
"1303379","none",0,0
"1303380","none",0,0
"1303381","none",0,0
"1303382","none",0,0
"1303383","none",0,0
"1303384","none",0,0
"1303385","none",0,0
"1303386","none",0,0
"1303387","none",0,0
"1303388","none",0,0
"1303389","none",0,0
"1303390","none",0,0
"1303391","none",0,0
"1303392","none",0,0
"1303393","none",0,0
"1303394","none",0,0
"1303395","none",0,0
"1303396","none",0,0
"1303397","none",0,0
"1303398","none",0,0
"1303399","none",0,0
"1303400","none",0,0
"1303401","none",0,0
"1303402","none",0,0
"1303403","none",0,0
"1303404","none",0,0
"1303405","none",0,0
"1303406","none",0,0
"1303407","none",0,0
"1303408","none",0,0
"1303409","none",0,0
"1303410","none",0,0
"1303411","none",0,0
"1303412","none",0,0
"1303413","none",0,0
"1303414","none",0,0
"1303415","none",0,0
"1303416","none",0,0
"1303417","none",0,0
"1303418","none",0,0
"1303419","none",0,0
"1303420","none",0,0
"1303421","none",0,0
"1303422","none",0,0
"1303423","none",0,0
"1303424","none",0,0
"1303425","none",0,0
"1303426","none",0,0
"1303427","none",0,0
"1303428","none",0,0
"1303429","none",0,0
"1303430","none",0,0
"1303431","none",0,0
"1303432","none",0,0
"1303433","none",0,0
"1303434","none",0,0
"1303435","none",0,0
"1303436","none",0,0
"1303437","none",0,0
"1303438","none",0,0
"1303439","none",0,0
"1303440","none",0,0
"1303441","none",0,0
"1303442","none",0,0
"1303443","none",0,0
"1303444","none",0,0
"1303445","none",0,0
"1303446","none",0,0
"1303447","none",0,0
"1303448","none",0,0
"1303449","none",0,0
"1303450","none",0,0
"1303451","none",0,0
"1303452","none",0,0
"1303453","none",0,0
"1303454","none",0,0
"1303455","none",0,0
"1303456","none",0,0
"1303457","none",0,0
"1303458","none",0,0
"1303459","none",0,0
"1303460","none",0,0
"1303461","none",0,0
"1303462","none",0,0
"1340019","correlator",220,-110
"1340020","correlator",130,-60
"1340021","correlator",190,-30
"1340022","none",0,0
"1340023","none",0,0
"1340024","none",0,0
"1340025","none",0,0
"1340026","none",0,0
"1340027","none",0,0
"1340028","none",0,0
"1340029","none",0,0
"1340030","none",0,0
"1340031","none",0,0
"1340032","none",0,0
"1340033","none",0,0
"1340034","none",0,0
"1340035","correlator",-170,-40
"1340036","correlator",-180,40
"1340037","none",0,0
"1340038","none",0,0
"1340039","none",0,0
"1340040","none",0,0
"1340041","none",0,0
"1340042","correlator",120,40
"1340043","none",0,0
"1340044","none",0,0
"1340045","none",0,0
"1340046","correlator",140,-50
"1340047","none",0,0
"1340048","none",0,0
"1340049","none",0,0
"1340050","none",0,0
"1340051","none",0,0
"1340052","none",0,0
"1340053","none",0,0
"1340054","none",0,0
"1340055","none",0,0
"1340056","correlator",-100,160
"1340057","none",0,0
"1340058","none",0,0
"1340059","none",0,0
"1340060","none",0,0
"1340061","correlator",-40,-100
"1340062","none",0,0
"1340063","none",0,0
"1340064","none",0,0
"1340065","none",0,0
"1340066","none",0,0
"1340067","none",0,0
"1340068","none",0,0
"1340069","none",0,0
"1340070","none",0,0
"1340071","none",0,0
"1340072","none",0,0
"1340073","none",0,0
"1340137","none",0,0
"1340138","none",0,0
"1340139","none",0,0
"1340140","none",0,0
"1353990","none",0,0
"1353991","none",0,0
"1353992","none",0,0
"1353993","none",0,0
"1353994","none",0,0
"1353995","none",0,0
"1353996","none",0,0
"1353997","none",0,0
"1353998","none",0,0
"1353999","none",0,0
"1354000","none",0,0
"1354001","none",0,0
"1354002","none",0,0
"1354003","none",0,0
"1354004","none",0,0
"1354005","none",0,0
"1354006","none",0,0
"1354007","none",0,0
"1354008","none",0,0
"1354009","none",0,0
"1354010","none",0,0
"1354011","none",0,0
"1354012","none",0,0
"1354013","none",0,0
"1354014","none",0,0
"1354015","none",0,0
"1354016","none",0,0
"1354017","none",0,0
"1354018","none",0,0
"1354019","none",0,0
"1354020","none",0,0
"1354021","none",0,0
"1354022","none",0,0
"1354023","none",0,0
"1354024","none",0,0
"1354025","none",0,0
"1354026","none",0,0
"1354027","none",0,0
"1354028","none",0,0
"1354029","none",0,0
"1354030","none",0,0
"1354031","none",0,0
"1354032","none",0,0
"1354033","none",0,0
"1354034","none",0,0
"1354035","none",0,0
"1354036","none",0,0
"1354037","none",0,0
"1354038","none",0,0
"1354039","none",0,0
"1354040","none",0,0
"1354041","none",0,0
"1354042","none",0,0
"1354063","none",0,0
"1354064","none",0,0
"1354065","none",0,0
"1354066","none",0,0
"1354067","none",0,0
"1354068","none",0,0
"1354069","none",0,0
"1354070","none",0,0
"1354071","none",0,0
"1354072","none",0,0
"1354073","none",0,0
"1354074","none",0,0
"1354075","none",0,0
"1354076","none",0,0
"1354077","none",0,0
"1354078","none",0,0
"1354079","none",0,0
"1354080","none",0,0
"1354081","none",0,0
"1354082","none",0,0
"1354083","none",0,0
"1354084","none",0,0
"1354085","none",0,0
"1354086","none",0,0
"1354087","none",0,0
"1354088","none",0,0
"1354089","none",0,0
"1354090","none",0,0
"1354091","none",0,0
"1354092","none",0,0
"1354093","none",0,0
"1354094","none",0,0
"1354095","none",0,0
"1354096","none",0,0
"1354097","none",0,0
"1354098","none",0,0
"1354099","none",0,0
"1354100","none",0,0
"1354101","none",0,0
"1354102","none",0,0
"1354103","none",0,0
"1354104","none",0,0
"1354105","none",0,0
"1354106","none",0,0
"1354107","none",0,0
"1354108","none",0,0
"1354109","none",0,0
"1354110","none",0,0
"1354111","none",0,0
"1354112","none",0,0
"1354113","none",0,0
"1354114","none",0,0
"1354115","none",0,0
"1354116","none",0,0
"1354117","none",0,0
"1354118","none",0,0
"1354119","none",0,0
"1354120","none",0,0
"1354121","none",0,0
"1354122","none",0,0
"1354123","none",0,0
"1354124","none",0,0
"1354125","none",0,0
"1354137","none",0,0
"1354138","none",0,0
"1354139","none",0,0
"1354140","none",0,0
"1354141","none",0,0
"1354142","none",0,0
"1354143","none",0,0
"1354144","none",0,0
"1354145","none",0,0
"1354146","none",0,0
"1354147","none",0,0
"1354148","none",0,0
"1354149","none",0,0
"1354150","none",0,0
"1354151","none",0,0
"1354152","none",0,0
"1354153","none",0,0
"1354154","none",0,0
"1354155","none",0,0
"1354156","none",0,0
"1354157","none",0,0
"1354158","none",0,0
"1354159","none",0,0
"1354160","none",0,0
"1354161","none",0,0
"1354162","none",0,0
"1354163","none",0,0
"1354164","none",0,0
"1354165","none",0,0
"1354166","none",0,0
"1354167","none",0,0
"1354168","none",0,0
"1354169","none",0,0
"1354170","none",0,0
"1354171","none",0,0
"1354172","none",0,0
"1354173","none",0,0
"1354174","none",0,0
"1354175","none",0,0
"1354176","none",0,0
"1354177","none",0,0
"1354178","none",0,0
"1354179","none",0,0
"1354180","none",0,0
"1354181","none",0,0
"1354182","none",0,0
"1354183","none",0,0
"1354184","none",0,0
"1354185","none",0,0
"1354186","none",0,0
"1354187","none",0,0
"1354188","none",0,0
"1354189","none",0,0
"1354190","none",0,0
"1354191","none",0,0
"1354192","none",0,0
"1354193","none",0,0
"1354194","none",0,0
"1354195","none",0,0
"1354196","none",0,0
"1354197","none",0,0
"1354198","none",0,0
"1354199","none",0,0
"1354200","none",0,0
"1354201","none",0,0
"1354202","none",0,0
"1354203","none",0,0
"1354204","none",0,0
"1354216","none",0,0
"1354217","none",0,0
"1354218","none",0,0
"1354219","none",0,0
"1354220","none",0,0
"1354221","none",0,0
"1354222","none",0,0
"1354223","none",0,0
"1354224","none",0,0
"1354225","none",0,0
"1354226","none",0,0
"1354227","none",0,0
"1354228","none",0,0
"1354229","none",0,0
"1354230","none",0,0
"1354231","none",0,0
"1354232","none",0,0
"1354233","none",0,0
"1354234","none",0,0
"1354235","none",0,0
"1354236","none",0,0
"1354237","none",0,0
"1354238","none",0,0
"1354239","none",0,0
"1354240","none",0,0
"1354241","none",0,0
"1354242","none",0,0
"1354243","none",0,0
"1354244","none",0,0
"1354245","none",0,0
"1354246","none",0,0
"1354247","none",0,0
"1354248","none",0,0
"1354249","none",0,0
"1354250","none",0,0
"1354251","none",0,0
"1354252","none",0,0
"1354253","none",0,0
"1400194","none",0,0
"1400195","none",0,0
"1400196","none",0,0
"1400197","none",0,0
"1400198","none",0,0
"1400199","none",0,0
"1400200","none",0,0
"1400201","none",0,0
"1400202","none",0,0
"1400203","none",0,0
"1400204","none",0,0
"1400205","none",0,0
"1400206","none",0,0
"1400207","none",0,0
"1400208","none",0,0
"1400209","none",0,0
"1400210","none",0,0
"1400211","none",0,0
"1400212","none",0,0
"1400213","none",0,0
"1400214","none",0,0
"1400215","none",0,0
"1400216","none",0,0
"1400217","none",0,0
"1400218","none",0,0
"1400219","none",0,0
"1400220","none",0,0
"1400221","none",0,0
"1400329","none",0,0
"1400330","none",0,0
"1400331","none",0,0
"1400332","none",0,0
"1400333","none",0,0
"1400334","none",0,0
"1400335","none",0,0
"1400336","none",0,0
"1400337","none",0,0
"1400338","none",0,0
"1400339","none",0,0
"1400340","none",0,0
"1400341","none",0,0
"1400342","none",0,0
"1400343","none",0,0
"1400344","none",0,0
"1400345","none",0,0
"1400346","none",0,0
"1400347","none",0,0
"1400348","none",0,0
"1400349","none",0,0
"1400350","none",0,0
"1400351","none",0,0
"1400352","none",0,0
"1400353","none",0,0
"1400354","none",0,0
"1400355","none",0,0
"1400356","none",0,0
"1400357","none",0,0
"1400358","none",0,0
"1400359","none",0,0
"1400360","none",0,0
"1400361","none",0,0
"1400362","none",0,0
"1400363","none",0,0
"1400364","none",0,0
"1400365","none",0,0
"1400366","none",0,0
"1400367","none",0,0
"1400368","none",0,0
"1400369","none",0,0
"1400370","none",0,0
"1400371","none",0,0
"1400372","none",0,0
"1400373","none",0,0
"1400374","none",0,0
"1400375","none",0,0
"1400376","none",0,0
"1400377","none",0,0
"1400378","none",0,0
"1400379","none",0,0
"1400380","none",0,0
"1400381","none",0,0
"1400382","none",0,0
"1400383","none",0,0
"1400384","none",0,0
"1400385","none",0,0
"1400386","none",0,0
"1400387","none",0,0
"1400388","none",0,0
"1400389","none",0,0
"1400390","none",0,0
"1400500","none",0,0
"1400501","none",0,0
"1400502","none",0,0
"1400503","none",0,0
"1400504","none",0,0
"1400505","none",0,0
"1400506","none",0,0
"1400507","none",0,0
"1400508","none",0,0
"1400509","none",0,0
"1400510","none",0,0
"1400511","none",0,0
"1400512","none",0,0
"1400513","none",0,0
"1400514","none",0,0
"1400515","none",0,0
"1400516","none",0,0
"1400517","none",0,0
"1400518","none",0,0
"1400519","none",0,0
"1400520","none",0,0
"1400521","none",0,0
"1400522","none",0,0
"1400523","none",0,0
"1400524","none",0,0
"1400525","none",0,0
"1400526","none",0,0
"1400527","none",0,0
"1400528","none",0,0
"1400529","none",0,0
"1400530","none",0,0
"1400531","none",0,0
"1400532","none",0,0
"1400533","none",0,0
"1400534","none",0,0
"1400535","none",0,0
"1400536","none",0,0
"1400537","none",0,0
"1400538","none",0,0
"1400539","none",0,0
"1400540","none",0,0
"1400541","none",0,0
"1400542","none",0,0
"1400543","none",0,0
"1400544","correlator",-140,230
"1400545","correlator",-490,180
"1400546","none",0,0
"1400547","none",0,0
"1400548","none",0,0
"1400549","none",0,0
"1400550","none",0,0
"1400551","none",0,0
"1400552","none",0,0
"1400553","none",0,0
"1400554","none",0,0
"1400555","none",0,0
"1400556","none",0,0
"1400557","none",0,0
"1400558","none",0,0
"1400559","none",0,0
"1400560","none",0,0
"1400561","none",0,0
"1400562","none",0,0
"1400563","none",0,0
"1401573","none",0,0
"1401574","none",0,0
"1401575","none",0,0
"1401576","none",0,0
"1401577","none",0,0
"1401578","none",0,0
"1401579","none",0,0
"1401580","none",0,0
"1401581","none",0,0
"1401582","none",0,0
"1401583","none",0,0
"1401584","none",0,0
"1401585","none",0,0
"1401586","none",0,0
"1401587","none",0,0
"1401588","none",0,0
"1401589","none",0,0
"1401590","none",0,0
"1401591","none",0,0
"1401592","none",0,0
"1401593","none",0,0
"1401594","none",0,0
"1401595","none",0,0
"1401596","none",0,0
"1401597","none",0,0
"1401598","none",0,0
"1401599","none",0,0
"1401600","none",0,0
"1401601","none",0,0
"1401602","none",0,0
"1401603","none",0,0
"1401604","none",0,0
"1401605","none",0,0
"1401606","none",0,0
"1401607","none",0,0
"1401608","none",0,0
"1401609","none",0,0
"1401610","none",0,0
"1401611","none",0,0
"1401612","none",0,0
"1401613","none",0,0
"1401614","none",0,0
"1401615","none",0,0
"1401616","none",0,0
"1401617","none",0,0
"1401618","none",0,0
"1401619","none",0,0
"1401620","none",0,0
"1401621","none",0,0
"1401622","none",0,0
"1401623","none",0,0
"1401624","none",0,0
"1401625","none",0,0
"1401626","none",0,0
"1401627","none",0,0
"1401628","none",0,0
"1401629","none",0,0
"1401630","none",0,0
"1401631","none",0,0
"1401632","none",0,0
"1401633","none",0,0
"1401634","none",0,0
"1401635","none",0,0
"1401636","none",0,0
"1401637","none",0,0
"1401638","none",0,0
"1401639","none",0,0
"1401640","none",0,0
"1401641","none",0,0
"1401642","none",0,0
"1401643","none",0,0
"1401644","none",0,0
"1401645","none",0,0
"1414081","none",0,0
"1414082","none",0,0
"1414083","none",0,0
"1414084","none",0,0
"1414085","none",0,0
"1414086","none",0,0
"1414087","none",0,0
"1414088","none",0,0
"1414089","none",0,0
"1414090","none",0,0
"1414091","none",0,0
"1414092","none",0,0
"1414093","none",0,0
"1414094","none",0,0
"1414095","none",0,0
"1414096","none",0,0
"1414097","none",0,0
"1414098","none",0,0
"1414099","none",0,0
"1414100","none",0,0
"1414101","none",0,0
"1414102","none",0,0
"1414103","none",0,0
"1414104","none",0,0
"1414105","none",0,0
"1414106","none",0,0
"1414107","none",0,0
"1414108","none",0,0
"1414109","none",0,0
"1414110","none",0,0
"1414111","none",0,0
"1414112","none",0,0
"1414113","none",0,0
"1414114","none",0,0
"1414115","none",0,0
"1414116","none",0,0
"1414117","none",0,0
"1414118","none",0,0
"1414119","none",0,0
"1414120","none",0,0
"1414121","none",0,0
"1414122","none",0,0
"1414123","none",0,0
"1414124","none",0,0
"1414125","none",0,0
"1414126","none",0,0
"1414127","none",0,0
"1414128","none",0,0
"1414129","none",0,0
"1414130","none",0,0
"1414131","none",0,0
"1414132","none",0,0
"1414133","none",0,0
"1414134","none",0,0
"1414137","none",0,0
"1414138","none",0,0
"1414139","none",0,0
"1414140","none",0,0
"1414141","none",0,0
"1414142","none",0,0
"1414143","none",0,0
"1414144","none",0,0
"1414145","none",0,0
"1414146","none",0,0
"1414147","none",0,0
"1414148","none",0,0
"1414149","none",0,0
"1414150","none",0,0
"1414151","none",0,0
"1414152","none",0,0
"1414153","none",0,0
"1414154","none",0,0
"1414155","none",0,0
"1414156","none",0,0
"1414157","none",0,0
"1414158","none",0,0
"1414159","none",0,0
"1414160","none",0,0
"1414161","none",0,0
"1414162","none",0,0
"1414163","none",0,0
"1414164","none",0,0
"1414165","none",0,0
"1414166","none",0,0
"1414167","none",0,0
"1414168","none",0,0
"1414169","none",0,0
"1414170","none",0,0
"1414171","none",0,0
"1414172","none",0,0
"1414173","none",0,0
"1414174","none",0,0
"1414175","none",0,0
"1414176","none",0,0
"1414177","none",0,0
"1414178","none",0,0
"1414179","none",0,0
"1414180","none",0,0
"1414181","none",0,0
"1414182","none",0,0
"1414183","none",0,0
"1414184","none",0,0
"1414185","none",0,0
"1414186","none",0,0
"1414187","none",0,0
"1414188","none",0,0
"1414189","none",0,0
"1414190","none",0,0
"1414191","none",0,0
"1414192","none",0,0
"1414193","none",0,0
"1414194","none",0,0
"1414195","none",0,0
"1414196","none",0,0
"1414197","none",0,0
"1414198","none",0,0
"1414199","none",0,0
"1414200","none",0,0
"1414201","none",0,0
"1414202","none",0,0
"1414203","none",0,0
"1414204","none",0,0
"1414205","none",0,0
"1414206","none",0,0
"1414212","none",0,0
"1414213","none",0,0
"1414214","none",0,0
"1414215","none",0,0
"1414216","none",0,0
"1414217","none",0,0
"1414218","none",0,0
"1414219","none",0,0
"1414220","none",0,0
"1414221","none",0,0
"1414222","none",0,0
"1414223","none",0,0
"1414224","none",0,0
"1414225","none",0,0
"1414226","none",0,0
"1414227","none",0,0
"1414228","none",0,0
"1414229","none",0,0
"1414230","none",0,0
"1414231","none",0,0
"1414232","none",0,0
"1414233","none",0,0
"1414234","none",0,0
"1414235","none",0,0
"1414236","none",0,0
"1414237","none",0,0
"1414238","none",0,0
"1414239","none",0,0
"1414240","none",0,0
"1414269","none",0,0
"1414270","none",0,0
"1414271","none",0,0
"1414272","none",0,0
"1414273","none",0,0
"1414288","none",0,0
"1414289","none",0,0
"1414290","none",0,0
"1414291","none",0,0
"1414292","none",0,0
"1414293","none",0,0
"1414294","none",0,0
"1414295","none",0,0
"1414296","none",0,0
"1414297","none",0,0
"1414298","none",0,0
"1414299","none",0,0
"1414300","none",0,0
"1414301","none",0,0
"1414302","none",0,0
"1414303","none",0,0
"1414304","none",0,0
"1414305","none",0,0
"1414306","none",0,0
"1414307","none",0,0
"1414308","none",0,0
"1414309","none",0,0
"1414310","none",0,0
"1414311","none",0,0
"1414312","none",0,0
"1414313","none",0,0
"1414314","none",0,0
"1414317","none",0,0
"1414318","none",0,0
"1414319","none",0,0
"1414320","none",0,0
"1414321","none",0,0
"1414322","none",0,0
"1414323","none",0,0
"1414324","none",0,0
"1414325","none",0,0
"1414326","none",0,0
"1414327","none",0,0
"1414328","none",0,0
"1414329","none",0,0
"1414330","none",0,0
"1414331","none",0,0
"1414332","none",0,0
"1414333","none",0,0
"1414334","none",0,0
"1414335","none",0,0
"1414336","none",0,0
"1414337","none",0,0
"1414338","none",0,0
"1414339","none",0,0
"1414340","none",0,0
"1414341","none",0,0
"1414342","none",0,0
"1414343","none",0,0
"1414344","none",0,0
"1414345","none",0,0
"1414346","none",0,0
"1414347","none",0,0
"1414348","correlator",330,880
"1414349","none",0,0
"1414350","none",0,0
"1414351","none",0,0
"1414352","none",0,0
"1414353","none",0,0
"1414354","none",0,0
"1414355","none",0,0
"1414356","none",0,0
"1414357","none",0,0
"1414358","none",0,0
"1414359","none",0,0
"1414360","none",0,0
"1414361","none",0,0
"1414362","none",0,0
"1414363","none",0,0
"1414366","none",0,0
"1414367","none",0,0
"1414368","none",0,0
"1414369","none",0,0
"1414370","none",0,0
"1414371","none",0,0
"1414372","none",0,0
"1414373","none",0,0
"1414374","none",0,0
"1414375","none",0,0
"1414376","none",0,0
"1414377","none",0,0
"1414378","none",0,0
"1414379","none",0,0
"1414380","none",0,0
"1414381","none",0,0
"1414382","none",0,0
"1414383","none",0,0
"1414384","none",0,0
"1414385","none",0,0
"1414386","none",0,0
"1414387","none",0,0
"1414388","none",0,0
"1414435","none",0,0
"1414436","none",0,0
"1414437","none",0,0
"1414438","none",0,0
"1414439","none",0,0
"1414440","none",0,0
"1414441","none",0,0
"1414442","none",0,0
"1414443","none",0,0
"1414444","none",0,0
"1414445","none",0,0
"1414446","none",0,0
"1414447","none",0,0
"1414448","none",0,0
"1414449","none",0,0
"1414450","none",0,0
"1414451","none",0,0
"1414452","none",0,0
"1414453","none",0,0
"1414454","none",0,0
"1414478","none",0,0
"1414479","none",0,0
"1414480","none",0,0
"1414481","none",0,0
"1414482","none",0,0
"1414483","none",0,0
"1414484","none",0,0
"1414485","none",0,0
"1414486","none",0,0
"1414487","none",0,0
"1414488","none",0,0
"1414489","none",0,0
"1414490","none",0,0
"1414491","none",0,0
"1414492","none",0,0
"1414493","none",0,0
"1414494","none",0,0
"1414495","none",0,0
"1414496","none",0,0
"1414497","none",0,0
"1414498","none",0,0
"1414499","none",0,0
"1414500","none",0,0
"1414501","none",0,0
"1414502","none",0,0
"1414503","none",0,0
"1414504","none",0,0
"1414505","none",0,0
"1414506","none",0,0
"1414507","none",0,0
"1414508","none",0,0
"1414509","none",0,0
"1414510","none",0,0
"1414511","none",0,0
"1414512","none",0,0
"1414513","none",0,0
"1414514","none",0,0
"1414515","none",0,0
"1414516","none",0,0
"1414517","none",0,0
"1529593","roll_model",-119.7,-8.1
"1529594","roll_model",-119.7,-8.2
"1529595","roll_model",-119.6,-8.9
"1529596","roll_model",-119.6,-9.3
"1529597","roll_model",-119.7,-8.8
"1529598","roll_model",-119.7,-7.9
"1529599","roll_model",-119.7,-7.8
"1529600","roll_model",-119.7,-8.2
"1529601","roll_model",-119.7,-8.6
"1529602","roll_model",-119.7,-7.5
"1529603","roll_model",-119.8,-7.2
"1529604","roll_model",-119.8,-6.8
"1529605","correlator",-330,-10
"1529606","roll_model",-119.8,-6.1
"1529607","correlator",-100,0
"1529608","correlator",-110,-50
"1529609","correlator",-130,110
"1529610","roll_model",-119.8,-7.1
"1529611","roll_model",-119.7,-7.7
"1529612","roll_model",-119.7,-7.4
"1529613","roll_model",-119.8,-6.7
"1529614","roll_model",-119.7,-7.7
"1529615","roll_model",-119.7,-7.8
"1529616","roll_model",-119.8,-7
"1529617","roll_model",-119.8,-7
"1529618","roll_model",-119.7,-7.9
"1529619","roll_model",-119.7,-8.8
"1529620","roll_model",-31.7,115.7
"1529621","roll_model",119.7,8.8
"1529622","roll_model",119.7,8
"1529623","roll_model",119.8,7
"1529624","roll_model",119.8,6.4
"1529625","roll_model",119.7,7.5
"1529626","roll_model",119.6,9.5
"1529627","roll_model",119.6,9.7
"1529628","roll_model",119.7,8.2
"1529629","correlator",40,180
"1529630","roll_model",119.8,6.5
"1529631","roll_model",119.7,7.6
"1529632","roll_model",119.6,9.1
"1529633","roll_model",119.6,8.9
"1529634","roll_model",119.8,7
"1529635","roll_model",119.8,6
"1529636","roll_model",119.8,5.9
"1529637","roll_model",119.8,6.4
"1529638","roll_model",119.7,7.5
"1529639","roll_model",119.7,7.9
"1529640","roll_model",119.8,6.8
"1529641","roll_model",119.8,5.5
"1529642","roll_model",119.9,4.7
"1529643","roll_model",119.8,5.8
"1529644","roll_model",119.7,7.6
"1529645","roll_model",119.6,9.1
"1529646","roll_model",119.7,8.2
"1529647","roll_model",119.7,7.5
"1529648","roll_model",119.7,7.5
"1529649","roll_model",119.7,7.5
"1529870","roll_model",-239.8,-39.1
"1529871","roll_model",-239.8,-39.2
"1529872","roll_model",-240,-37.9
"1529873","roll_model",-240.1,-37.5
"1529874","roll_model",-240.1,-36.9
"1529875","roll_model",-239.8,-38.8
"1529876","roll_model",-239.8,-39.3
"1529877","roll_model",-239.7,-39.5
"1529878","roll_model",-239.8,-39.1
"1529879","roll_model",-239.9,-38.5
"1529880","roll_model",-239.9,-38.6
"1529881","roll_model",-240,-37.7
"1529882","roll_model",-240,-37.6
"1529883","roll_model",-239.9,-38.4
"1529884","roll_model",-239.7,-39.5
"1529885","roll_model",-239.4,-41.4
"1529886","roll_model",-239.4,-41.4
"1529887","roll_model",-239.6,-40.3
"1529888","correlator",-270,20
"1529889","correlator",-210,-40
"1529890","correlator",-320,-70
"1529891","roll_model",-240,-37.9
"1529892","roll_model",-240.4,-35.5
"1529893","roll_model",-240.3,-35.9
"1529894","roll_model",-240,-37.8
"1529895","roll_model",-240.2,-36.8
"1529896","roll_model",-240.4,-35.1
"1529897","roll_model",-76.3,230.7
"1529898","roll_model",240,37.8
"1529899","roll_model",240.2,36.9
"1529900","roll_model",240.2,36.4
"1529901","roll_model",240.1,36.9
"1529902","roll_model",240,37.9
"1529903","correlator",380,70
"1529904","correlator",140,-30
"1529905","correlator",240,-30
"1529906","roll_model",240,38.1
"1529907","roll_model",239.7,39.6
"1529908","roll_model",239.5,40.8
"1529909","roll_model",239,43.6
"1529910","roll_model",238.5,46.3
"1529911","roll_model",238.7,45.5
"1529912","roll_model",239.6,40.1
"1529913","roll_model",240.2,36.4
"1529914","roll_model",240.5,34.5
"1529915","roll_model",240.5,34.4
"1529916","roll_model",240.4,35
"1529917","roll_model",240.1,37.1
"1529918","roll_model",239.5,40.8
"1529919","roll_model",239.5,40.7
"1529920","roll_model",239.8,39.2
"1529921","roll_model",240,37.6
"1529922","roll_model",240.2,36.8
"1529923","roll_model",240.1,37
"1529924","roll_model",239.8,39.1
"1529925","roll_model",239.8,39.1
"1530079","none",0,0
"1530080","none",0,0
"1530081","none",0,0
"1530082","none",0,0
"1530083","none",0,0
"1530084","none",0,0
"1530085","none",0,0
"1530086","none",0,0
"1530087","none",0,0
"1530088","none",0,0
"1530089","none",0,0
"1530090","none",0,0
"1530091","none",0,0
"1530092","none",0,0
"1530093","none",0,0
"1530094","none",0,0
"1530095","none",0,0
"1530096","none",0,0
"1530097","none",0,0
"1530098","none",0,0
"1530464","none",0,0
"1530465","none",0,0
"1530466","none",0,0
"1530467","none",0,0
"1530468","none",0,0
"1530469","none",0,0
"1530470","none",0,0
"1530471","none",0,0
"1530472","none",0,0
"1530473","none",0,0
"1530474","none",0,0
"1530475","none",0,0
"1530476","none",0,0
"1530477","none",0,0
"1530478","none",0,0
"1530479","none",0,0
"1530480","none",0,0
"1530481","none",0,0
"1530482","none",0,0
"1530483","none",0,0
"1530484","none",0,0
"1530485","none",0,0
"1530486","none",0,0
"1530487","none",0,0
"1530488","none",0,0
"1530495","none",0,0
"1530496","none",0,0
"1530497","none",0,0
"1530498","none",0,0
"1530499","none",0,0
"1530500","none",0,0
"1530501","none",0,0
"1530502","none",0,0
"1530503","none",0,0
"1530504","none",0,0
"1530505","none",0,0
"1530506","none",0,0
"1530507","none",0,0
"1530508","none",0,0
"1530509","none",0,0
"1530510","none",0,0
"1530511","none",0,0
"1530512","none",0,0
"1530513","none",0,0
"1530514","none",0,0
"1530515","none",0,0
"1530516","none",0,0
"1530517","none",0,0
"1530518","none",0,0
"1530519","none",0,0
"1530520","none",0,0
"1530521","none",0,0
"1530522","none",0,0
"1530523","none",0,0
"1530524","none",0,0
"1530525","none",0,0
"1530526","none",0,0
"1530527","none",0,0
"1530528","none",0,0
"1530529","none",0,0
"1530530","none",0,0
"1530531","none",0,0
"1530532","none",0,0
"1530533","none",0,0
"1530534","none",0,0
"1530535","none",0,0
"1530536","none",0,0
"1530537","none",0,0
"1530538","none",0,0
"1530539","none",0,0
"1530540","none",0,0
"1530541","none",0,0
"1530542","none",0,0
"1530543","none",0,0
"1530544","none",0,0
"1530545","none",0,0
"1530546","none",0,0
"1530547","none",0,0
"1530548","none",0,0
"1530549","none",0,0
"1530558","none",0,0
"1530559","none",0,0
"1530560","none",0,0
"1530561","none",0,0
"1530562","none",0,0
"1530563","none",0,0
"1530564","none",0,0
"1530565","none",0,0
"1530566","none",0,0
"1530567","none",0,0
"1530568","none",0,0
"1530569","none",0,0
"1530570","none",0,0
"1530571","none",0,0
"1530572","none",0,0
"1530573","none",0,0
"1530574","none",0,0
"1530575","none",0,0
"1530576","none",0,0
"1530577","none",0,0
"1530578","none",0,0
"1530579","none",0,0
"1530580","none",0,0
"1530581","none",0,0
"1530582","none",0,0
"1530583","none",0,0
"1530584","none",0,0
"1530585","none",0,0
"1530586","none",0,0
"1530587","none",0,0
"1530588","none",0,0
"1530589","none",0,0
"1530590","none",0,0
"1530591","none",0,0
"1530592","none",0,0
"1530593","none",0,0
"1530594","none",0,0
"1530595","none",0,0
"1530596","none",0,0
"1530597","none",0,0
"1530598","none",0,0
"1530599","none",0,0
"1530600","none",0,0
"1530601","none",0,0
"1530602","none",0,0
"1530603","none",0,0
"1530604","none",0,0
"1530605","none",0,0
"1530606","none",0,0
"1530607","none",0,0
"1530608","none",0,0
"1584445","none",0,0
"1584446","none",0,0
"1584447","none",0,0
"1584448","none",0,0
"1584449","none",0,0
"1584450","none",0,0
"1584451","none",0,0
"1584452","none",0,0
"1584453","none",0,0
"1584454","none",0,0
"1584455","none",0,0
"1584456","none",0,0
"1584457","none",0,0
"1584458","none",0,0
"1584459","none",0,0
"1584460","none",0,0
"1584529","none",0,0
"1584530","none",0,0
"1584531","none",0,0
"1584532","none",0,0
"1584533","none",0,0
"1584534","none",0,0
"1584535","none",0,0
"1584536","none",0,0
"1584537","none",0,0
"1584538","none",0,0
"1584539","none",0,0
"1584540","none",0,0
"1584541","none",0,0
"1584542","none",0,0
"1584543","none",0,0
"1584544","none",0,0
"1584545","none",0,0
"1584546","none",0,0
"1584547","none",0,0
"1584548","none",0,0
"1584549","none",0,0
"1584550","none",0,0
"1584551","none",0,0
"1584552","none",0,0
"1584553","none",0,0
"1584554","none",0,0
"1584555","none",0,0
"1584556","none",0,0
"1584557","none",0,0
"1584558","none",0,0
"1584559","none",0,0
"1584632","none",0,0
"1584633","none",0,0
"1584634","none",0,0
"1584635","none",0,0
"1584636","none",0,0
"1584637","none",0,0
"1584638","none",0,0
"1584639","none",0,0
"1584640","none",0,0
"1584641","none",0,0
"1584642","none",0,0
"1584643","none",0,0
"1584644","none",0,0
"1584645","none",0,0
"1584646","none",0,0
"1584647","none",0,0
"1585647","none",0,0
"1585648","none",0,0
"1585649","none",0,0
"1585650","none",0,0
"1585651","none",0,0
"1585652","none",0,0
"1585653","none",0,0
"1585654","none",0,0
"1585655","none",0,0
"1585656","none",0,0
"1585657","none",0,0
"1585658","none",0,0
"1585659","none",0,0
"1585660","none",0,0
"1585661","none",0,0
"1585662","none",0,0
"1601993","none",0,0
"1601994","none",0,0
"1601995","none",0,0
"1601996","none",0,0
"1601997","none",0,0
"1601998","none",0,0
"1601999","none",0,0
"1602000","none",0,0
"1602001","none",0,0
"1602002","none",0,0
"1602003","none",0,0
"1602004","none",0,0
"1602005","none",0,0
"1602006","none",0,0
"1602007","none",0,0
"1602008","none",0,0
"1602009","none",0,0
"1602010","none",0,0
"1602011","none",0,0
"1602012","none",0,0
"1602013","none",0,0
"1602014","none",0,0
"1602015","none",0,0
"1602016","none",0,0
"1602017","none",0,0
"1602018","none",0,0
"1602019","none",0,0
"1602020","none",0,0
"1602021","none",0,0
"1602022","none",0,0
"1602023","none",0,0
"1602024","none",0,0
"1602025","none",0,0
"1602026","none",0,0
"1602027","none",0,0
"1602028","none",0,0
"1602029","none",0,0
"1602030","none",0,0
"1602031","none",0,0
"1602032","none",0,0
"1602033","none",0,0
"1602034","none",0,0
"1602035","none",0,0
"1602036","none",0,0
"1602037","none",0,0
"1602038","none",0,0
"1602039","none",0,0
"1602040","none",0,0
"1602099","none",0,0
"1602100","none",0,0
"1602101","none",0,0
"1602102","none",0,0
"1602103","none",0,0
"1602104","none",0,0
"1602105","none",0,0
"1602106","none",0,0
"1602107","none",0,0
"1602108","none",0,0
"1602109","none",0,0
"1602110","none",0,0
"1602111","none",0,0
"1602112","none",0,0
"1602163","none",0,0
"1602164","none",0,0
"1602165","none",0,0
"1602166","none",0,0
"1602167","none",0,0
"1602168","none",0,0
"1602169","none",0,0
"1602170","none",0,0
"1602171","none",0,0
"1602172","none",0,0
"1602173","none",0,0
"1602174","none",0,0
"1602175","none",0,0
"1602176","none",0,0
"1602177","none",0,0
"1602178","none",0,0
"1602179","none",0,0
"1602180","none",0,0
"1602181","none",0,0
"1602182","none",0,0
"1602183","none",0,0
"1602184","correlator",-60,-10
"1602185","correlator",-30,-30
"1602186","correlator",-80,-10
"1602187","correlator",-50,0
"1602188","correlator",-50,-10
"1602189","none",0,0
"1602190","none",0,0
"1602191","none",0,0
"1602192","none",0,0
"1602193","none",0,0
"1602194","none",0,0
"1602195","none",0,0
"1602196","none",0,0
"1602197","none",0,0
"1602198","none",0,0
"1602199","none",0,0
"1602200","none",0,0
"1602201","none",0,0
"1602202","none",0,0
"1602203","none",0,0
"1602204","none",0,0
"1602205","none",0,0
"1602206","none",0,0
"1602207","none",0,0
"1602208","none",0,0
"1602209","none",0,0
"1602210","none",0,0
"1602211","none",0,0
"1602212","none",0,0
"1602213","none",0,0
"1602214","none",0,0
"1602215","none",0,0
"1602216","none",0,0
"1602217","none",0,0
"1602218","none",0,0
"1602219","none",0,0
"1602220","none",0,0
"1602221","none",0,0
"1602222","none",0,0
"1602223","none",0,0
"1602224","none",0,0
"1602225","none",0,0
"1602226","none",0,0
"1602227","none",0,0
"1602228","none",0,0
"1602229","none",0,0
"1602230","none",0,0
"1602231","none",0,0
"1602232","none",0,0
"1602233","none",0,0
"1602234","none",0,0
"1602235","none",0,0
"1602236","correlator",40,0
"1602237","correlator",30,0
"1602238","correlator",60,20
"1602239","correlator",60,10
"1602240","none",0,0
"1602241","none",0,0
"1602242","none",0,0
"1602243","none",0,0
"1602244","none",0,0
"1602245","none",0,0
"1602246","none",0,0
"1602247","none",0,0
"1602248","none",0,0
"1602249","none",0,0
"1602250","none",0,0
"1602251","none",0,0
"1602252","none",0,0
"1602253","none",0,0
"1602254","none",0,0
"1602255","none",0,0
"1602256","none",0,0
"1602257","none",0,0
"1602258","none",0,0
"1602302","none",0,0
"1602303","none",0,0
"1602304","none",0,0
"1602305","none",0,0
"1602306","none",0,0
"1602307","none",0,0
"1602683","roll_model",-150.2,20.2
"1602684","roll_model",-150.4,18.6
"1602685","roll_model",-150.4,18.2
"1602686","roll_model",-150.4,18.5
"1602687","roll_model",-150.4,18.5
"1602688","roll_model",-150.4,18.6
"1602689","roll_model",-150.4,18.7
"1602690","roll_model",-150.4,18.3
"1602691","roll_model",-150.5,17.3
"1602692","roll_model",-150.1,20.3
"1602693","roll_model",-150,21.1
"1602694","roll_model",-150.1,20.8
"1602695","roll_model",-150.3,19.4
"1602696","roll_model",107.4,106.9
"1602697","roll_model",150.5,-17.7
"1602698","roll_model",150.5,-17.3
"1602699","roll_model",150.6,-16.6
"1602700","roll_model",150.6,-16.4
"1602701","roll_model",150.7,-15.8
"1602702","roll_model",150.7,-15.8
"1602753","roll_model",-150.3,19.3
"1602754","roll_model",-150.2,20
"1602755","roll_model",-150,21
"1602756","roll_model",-150.2,20.2
"1602757","roll_model",-149.8,22.4
"1602758","roll_model",-149.9,21.9
"1602759","roll_model",-149.9,22.3
"1602760","roll_model",-149.9,22.1
"1602761","roll_model",-149.9,22.2
"1602762","roll_model",-150,21.2
"1602763","roll_model",-150,21.1
"1602764","roll_model",-150,21.5
"1602765","roll_model",-150.3,18.8
"1602766","roll_model",-150.3,19.2
"1602767","roll_model",-150.4,18.7
"1602768","roll_model",-150.4,18.7
"1602769","roll_model",-150.3,19.1
"1602770","correlator",-100,30
"1602771","correlator",-200,10
"1602772","correlator",-30,0
"1602773","roll_model",-150.3,19
"1602774","roll_model",-150.3,18.8
"1602775","roll_model",-150.3,19.4
"1602776","roll_model",-150.2,19.9
"1602777","roll_model",-150.2,19.6
"1602778","roll_model",-150.2,19.8
"1602779","roll_model",-150.3,19
"1602780","roll_model",-150.2,20.2
"1602781","roll_model",-150.2,20
"1602782","roll_model",-150.2,19.8
"1602783","roll_model",-150,21.4
"1602784","roll_model",-150.2,19.9
"1602785","roll_model",-150.2,19.5
"1602786","roll_model",-150.1,20.3
"1602787","correlator",-160,20
"1602788","roll_model",-150.2,19.6
"1602789","roll_model",-150.1,20.6
"1602790","roll_model",-150.1,20.5
"1602791","correlator",-150,30
"1602792","roll_model",-150,21.5
"1602793","roll_model",-150.3,19.4
"1602794","roll_model",-150.3,19.3
"1602795","roll_model",-150.2,20.1
"1602796","roll_model",-150.1,20.6
"1602797","roll_model",-150.2,19.7
"1602798","roll_model",-150.2,19.5
"1602799","roll_model",-150.2,19.9
"1602800","roll_model",-150.2,19.9
"1602802","roll_model",150.3,-18.9
"1602803","roll_model",150.3,-19.2
"1602804","roll_model",150.4,-18.1
"1602805","roll_model",150.4,-18.4
"1602806","roll_model",150.1,-20.6
"1602807","roll_model",149.8,-22.7
"1602808","roll_model",149.8,-22.8
"1602809","roll_model",150.3,-19
"1602810","roll_model",150.4,-17.9
"1602811","roll_model",150.4,-17.9
"1602812","roll_model",150.3,-18.8
"1602813","roll_model",150.1,-20.4
"1602814","roll_model",149.9,-21.7
"1602815","roll_model",150.1,-20.6
"1602816","roll_model",150.2,-19.5
"1602817","roll_model",150.4,-18
"1602818","roll_model",150,-21.2
"1602819","roll_model",149.8,-22.9
"1602820","roll_model",149.8,-22.6
"1602821","roll_model",150.1,-20.5
"1602822","roll_model",150.4,-18.1
"1602823","roll_model",150.3,-18.8
"1602824","roll_model",150.3,-19.5
"1602825","roll_model",150.1,-20.5
"1602826","roll_model",150.2,-20.1
"1602827","roll_model",150.2,-20.1
"1602828","roll_model",150.4,-18.6
"1602829","roll_model",150.4,-18
"1602830","correlator",90,-20
"1602831","correlator",200,10
"1602832","roll_model",149.7,-23.6
"1602833","roll_model",149.7,-23.1
"1602834","roll_model",150.2,-20
"1602835","roll_model",150.3,-19.1
"1602836","roll_model",150.3,-19.2
"1602837","roll_model",150.1,-20.4
"1602838","roll_model",150,-21.5
"1602839","roll_model",150.3,-19.4
"1602840","roll_model",150.5,-17.4
"1602841","roll_model",150.6,-16.8
"1602842","roll_model",150.5,-17.7
"1602843","roll_model",150.3,-18.9
"1602844","roll_model",150.3,-19
"1602845","roll_model",150.4,-18.5
"1602846","roll_model",150.4,-18.4
"1602847","roll_model",150.2,-19.9
"1602848","roll_model",150.3,-19.3
"1602849","roll_model",150.3,-19.3
"1602886","none",0,0
"1602887","none",0,0
"1602888","none",0,0
"1602889","none",0,0
"1602890","none",0,0
"1602891","none",0,0
"1602892","none",0,0
"1602893","none",0,0
"1602894","none",0,0
"1602895","none",0,0
"1602896","none",0,0
"1602897","none",0,0
"1602898","none",0,0
"1602899","none",0,0
"1602900","none",0,0
"1602901","none",0,0
"1602902","none",0,0
"1602903","none",0,0
"1602904","none",0,0
"1602905","none",0,0
"1602906","none",0,0
"1602907","none",0,0
"1602908","none",0,0
"1602909","none",0,0
"1602910","correlator",-180,50
"1602911","correlator",-160,70
"1602912","none",0,0
"1602913","none",0,0
"1602914","none",0,0
"1602915","none",0,0
"1602916","none",0,0
"1602917","none",0,0
"1602918","none",0,0
"1602919","none",0,0
"1602920","none",0,0
"1602921","none",0,0
"1602922","none",0,0
"1602923","none",0,0
"1602924","none",0,0
"1602925","none",0,0
"1602926","none",0,0
"1602927","none",0,0
"1602928","none",0,0
"1602929","none",0,0
"1602930","none",0,0
"1602931","none",0,0
"1602932","none",0,0
"1602933","none",0,0
"1602934","none",0,0
"1602935","none",0,0
"1602936","none",0,0
"1602937","none",0,0
"1602938","none",0,0
"1602939","none",0,0
"1602940","none",0,0
"1602941","none",0,0
"1602942","none",0,0
"1602943","none",0,0
"1602944","none",0,0
"1602945","none",0,0
"1602946","none",0,0
"1602947","none",0,0
"1602948","none",0,0
"1602949","none",0,0
"1602950","none",0,0
"1602951","none",0,0
"1602952","none",0,0
"1602953","none",0,0
"1602982","none",0,0
"1602983","none",0,0
"1602984","none",0,0
"1602985","none",0,0
"1602986","none",0,0
"1602987","none",0,0
"1602988","none",0,0
"1602989","none",0,0
"1602990","none",0,0
"1602991","none",0,0
"1602992","none",0,0
"1602993","none",0,0
"1602994","none",0,0
"1602995","none",0,0
"1602996","none",0,0
"1602997","none",0,0
"1602998","none",0,0
"1602999","none",0,0
"1603000","none",0,0
"1603001","none",0,0
"1603002","none",0,0
"1603003","none",0,0
"1603004","none",0,0
"1603005","none",0,0
"1603006","none",0,0
"1603007","none",0,0
"1603008","none",0,0
"1603009","none",0,0
"1603010","none",0,0
"1603011","none",0,0
"1603012","none",0,0
"1603013","none",0,0
"1603014","none",0,0
"1603015","none",0,0
"1603016","none",0,0
"1603017","none",0,0
"1603018","none",0,0
"1603019","none",0,0
"1603020","none",0,0
"1603021","none",0,0
"1603022","none",0,0
"1603023","none",0,0
"1603024","none",0,0
"1603025","none",0,0
"1603026","none",0,0
"1603027","none",0,0
"1603028","none",0,0
"1603029","none",0,0
"1603030","none",0,0
"1603031","none",0,0
"1603032","none",0,0
"1603033","none",0,0
"1603034","none",0,0
"1603035","none",0,0
"1603036","none",0,0
"1603037","none",0,0
"1603038","none",0,0
"1603039","none",0,0
"1603040","none",0,0
"1603041","none",0,0
"1603042","none",0,0
"1603043","none",0,0
"1603044","none",0,0
"1603045","none",0,0
"1603046","none",0,0
"1603047","none",0,0
"1603048","none",0,0
"1603049","none",0,0
"1603136","none",0,0
"1603137","none",0,0
"1603138","none",0,0
"1603139","none",0,0
"1603140","none",0,0
"1603141","none",0,0
"1603142","none",0,0
"1603143","none",0,0
"1603144","none",0,0
"1603145","correlator",110,10
"1603146","correlator",180,10
"1603147","correlator",80,60
"1603148","correlator",180,20
"1603149","none",0,0
"1603150","none",0,0
"1603151","none",0,0
"1603152","none",0,0
"1603153","none",0,0
"1603154","none",0,0
"1603155","none",0,0
"1603156","none",0,0
"1603157","none",0,0
"1603158","none",0,0
"1603159","none",0,0
"1603160","none",0,0
"1603161","none",0,0
"1603162","none",0,0
"1603163","none",0,0
"1603164","none",0,0
"1603165","none",0,0
"1603166","none",0,0
"1603167","none",0,0
"1603168","none",0,0
"1603169","none",0,0
"1603170","none",0,0
"1603171","none",0,0
"1603172","none",0,0
"1603173","none",0,0
"1603174","none",0,0
"1603175","none",0,0
"1603176","none",0,0
"1603177","none",0,0
"1603178","none",0,0
"1603179","none",0,0
"1603180","none",0,0
"1603181","none",0,0
"1603182","none",0,0
"1603183","none",0,0
"1603184","none",0,0
"1603185","none",0,0
"1603186","none",0,0
"1603187","none",0,0
"1603188","none",0,0
"1603189","none",0,0
"1603190","none",0,0
"1603191","none",0,0
"1603192","none",0,0
"1603193","none",0,0
"1603194","none",0,0
"1603195","none",0,0
"1603196","none",0,0
"1603197","none",0,0
"1603198","none",0,0
"1603199","none",0,0
"1603200","none",0,0
"1603240","none",0,0
"1603241","none",0,0
"1603242","none",0,0
"1603243","none",0,0
"1603244","none",0,0
"1603245","none",0,0
"1603246","none",0,0
"1603247","none",0,0
"1603248","none",0,0
"1603249","none",0,0
"1603250","none",0,0
"1603251","none",0,0
"1603252","none",0,0
"1603253","none",0,0
"1603254","none",0,0
"1603255","none",0,0
"1603256","none",0,0
"1603257","none",0,0
"1603258","none",0,0
"1603259","none",0,0
"1603260","none",0,0
"1603261","none",0,0
"1603262","none",0,0
"1603263","none",0,0
"1603264","none",0,0
"1603265","none",0,0
"1603266","none",0,0
"1603267","none",0,0
"1603268","none",0,0
"1603269","none",0,0
"1603270","none",0,0
"1603271","none",0,0
"1603272","none",0,0
"1603273","none",0,0
"1603274","none",0,0
"1603275","none",0,0
"1603276","none",0,0
"1603277","none",0,0
"1605777","none",0,0
"1605778","none",0,0
"1605779","none",0,0
"1605780","none",0,0
"1605781","none",0,0
"1605782","none",0,0
"1605783","none",0,0
"1605784","none",0,0
"1605785","none",0,0
"1605786","none",0,0
"1605787","none",0,0
"1605788","none",0,0
"1605789","none",0,0
"1605790","none",0,0
"1605791","none",0,0
"1605792","none",0,0
"1605793","none",0,0
"1605794","none",0,0
"1605795","none",0,0
"1605796","none",0,0
"1605797","none",0,0
"1605798","none",0,0
"1605799","none",0,0
"1605800","none",0,0
"1605801","none",0,0
"1605802","none",0,0
"1605803","none",0,0
"1605804","none",0,0
"1605805","none",0,0
"1605806","none",0,0
"1605807","none",0,0
"1605808","none",0,0
"1605809","none",0,0
"1605810","none",0,0
"1605820","none",0,0
"1605821","none",0,0
"1605822","none",0,0
"1605823","none",0,0
"1605824","none",0,0
"1605825","none",0,0
"1605826","none",0,0
"1605827","none",0,0
"1605828","none",0,0
"1605829","none",0,0
"1605830","none",0,0
"1605831","none",0,0
"1605832","none",0,0
"1605833","none",0,0
"1605834","none",0,0
"1605835","none",0,0
"1605836","none",0,0
"1605837","none",0,0
"1605838","none",0,0
"1605839","none",0,0
"1605840","none",0,0
"1605841","none",0,0
"1605842","none",0,0
"1605843","none",0,0
"1605844","none",0,0
"1605845","none",0,0
"1605846","none",0,0
"1605847","none",0,0
"1605848","none",0,0
"1605849","none",0,0
"1605850","none",0,0
"1605874","none",0,0
"1605875","none",0,0
"1605876","none",0,0
"1605877","none",0,0
"1605878","none",0,0
"1605879","none",0,0
"1605880","none",0,0
"1605881","none",0,0
"1605882","none",0,0
"1605883","none",0,0
"1605884","none",0,0
"1605885","none",0,0
"1605886","none",0,0
"1605887","none",0,0
"1605888","none",0,0
"1605889","none",0,0
"1605890","none",0,0
"1605891","none",0,0
"1605892","none",0,0
"1605893","none",0,0
"1605894","none",0,0
"1605895","none",0,0
"1605896","none",0,0
"1605897","none",0,0
"1605898","none",0,0
"1605899","none",0,0
"1605900","none",0,0
"1605901","none",0,0
"1605902","none",0,0
"1605903","none",0,0
"1605904","none",0,0
